id,name,hp,attack,defense,sp_attack,sp_defense,speed,generation,legendary,types,primary_type,secondary_type,pokemon_id,battles,wins,losses,win_rate
1,Bulbasaur,45.0,49.0,49.0,65,65,45.0,1.0,False,Grass/Poison,Grass,Poison,1,133,37,96,0.2781954887218045
2,Ivysaur,60.0,62.0,63.0,80,80,60.0,1.0,False,Grass/Poison,Grass,Poison,2,121,46,75,0.38016528925619836
3,Venusaur,80.0,82.0,83.0,100,100,80.0,1.0,False,Grass/Poison,Grass,Poison,3,132,89,43,0.6742424242424242
4,Mega Venusaur,80.0,100.0,123.0,122,120,80.0,1.0,False,Grass/Poison,Grass,Poison,4,125,70,55,0.56
5,Charmander,39.0,52.0,43.0,60,50,65.0,1.0,False,Fire,Fire,,5,112,55,57,0.49107142857142855
6,Charmeleon,58.0,64.0,58.0,80,65,80.0,1.0,False,Fire,Fire,,6,118,64,54,0.5423728813559322
7,Charizard,78.0,84.0,78.0,109,85,100.0,1.0,False,Fire/Flying,Fire,Flying,7,133,115,18,0.8646616541353384
8,Mega Charizard X,78.0,130.0,111.0,130,85,100.0,1.0,False,Fire/Dragon,Fire,Dragon,8,139,119,20,0.8561151079136691
9,Mega Charizard Y,78.0,104.0,78.0,159,115,100.0,1.0,False,Fire/Flying,Fire,Flying,9,135,114,21,0.8444444444444444
10,Squirtle,44.0,48.0,65.0,50,64,43.0,1.0,False,Water,Water,,10,117,19,98,0.1623931623931624
11,Wartortle,59.0,63.0,80.0,65,80,58.0,1.0,False,Water,Water,,11,141,59,82,0.41843971631205673
12,Blastoise,79.0,83.0,100.0,85,105,78.0,1.0,False,Water,Water,,,0,0,0,0.0
13,Mega Blastoise,79.0,103.0,120.0,135,115,78.0,1.0,False,Water,Water,,13,144,83,61,0.5763888888888888
14,Caterpie,45.0,30.0,35.0,20,20,45.0,1.0,False,Bug,Bug,,14,115,17,98,0.14782608695652175
15,Metapod,50.0,20.0,55.0,25,25,30.0,1.0,False,Bug,Bug,,15,133,13,120,0.09774436090225563
16,Butterfree,60.0,45.0,50.0,90,80,70.0,1.0,False,Bug/Flying,Bug,Flying,16,120,75,45,0.625
17,Weedle,40.0,35.0,30.0,20,20,50.0,1.0,False,Bug/Poison,Bug,Poison,17,111,26,85,0.23423423423423423
18,Kakuna,45.0,25.0,50.0,25,25,35.0,1.0,False,Bug/Poison,Bug,Poison,18,130,17,113,0.13076923076923078
19,Beedrill,65.0,90.0,40.0,45,80,75.0,1.0,False,Bug/Poison,Bug,Poison,19,128,80,48,0.625
20,Mega Beedrill,65.0,150.0,40.0,15,80,145.0,1.0,False,Bug/Poison,Bug,Poison,20,119,115,4,0.9663865546218487
21,Pidgey,40.0,45.0,40.0,35,35,56.0,1.0,False,Normal/Flying,Normal,Flying,21,126,47,79,0.373015873015873
22,Pidgeotto,63.0,60.0,55.0,50,50,71.0,1.0,False,Normal/Flying,Normal,Flying,22,121,64,57,0.5289256198347108
23,Pidgeot,83.0,80.0,75.0,70,70,101.0,1.0,False,Normal/Flying,Normal,Flying,23,130,112,18,0.8615384615384616
24,Mega Pidgeot,83.0,80.0,80.0,135,80,121.0,1.0,False,Normal/Flying,Normal,Flying,24,126,119,7,0.9444444444444444
25,Rattata,30.0,56.0,35.0,25,35,72.0,1.0,False,Normal,Normal,,25,135,65,70,0.48148148148148145
26,Raticate,55.0,81.0,60.0,50,70,97.0,1.0,False,"Normal, Fairy","Normal, Fairy",,26,140,101,39,0.7214285714285714
27,Spearow,40.0,60.0,30.0,31,31,70.0,1.0,False,Normal/Flying,Normal,Flying,27,138,62,76,0.4492753623188406
28,Fearow,65.0,90.0,65.0,61,61,100.0,1.0,,Normal/Flying,Normal,Flying,28,123,103,20,0.8373983739837398
29,Ekans,35.0,60.0,44.0,40,54,55.0,1.0,False,Poison,Poison,,29,131,48,83,0.366412213740458
30,Arbok,60.0,85.0,69.0,65,79,80.0,1.0,False,Poison,Poison,,30,125,72,53,0.576
31,Pikachu,35.0,55.0,40.0,50,50,90.0,1.0,False,Electric,Electric,,31,136,93,43,0.6838235294117647
32,Raichu,60.0,90.0,55.0,90,80,110.0,1.0,False,Electric,Electric,,32,121,105,16,0.8677685950413223
33,Sandshrew,50.0,75.0,85.0,20,30,40.0,1.0,False,Ground,Ground,,,0,0,0,0.0
34,Sandslash,75.0,100.0,110.0,45,55,65.0,1.0,False,Ground,Ground,,34,105,56,49,0.5333333333333333
35,Nidoran♀,55.0,47.0,52.0,40,40,41.0,1.0,False,Poison,Poison,,35,119,20,99,0.16806722689075632
36,Nidorina,70.0,62.0,67.0,55,55,56.0,1.0,False,Poison,Poison,,36,148,57,91,0.38513513513513514
37,Nidoqueen,90.0,92.0,87.0,75,85,76.0,1.0,False,Poison/Ground,Poison,Ground,37,122,66,56,0.5409836065573771
38,Nidoran♂,46.0,57.0,40.0,40,40,50.0,1.0,False,Poison,Poison,,38,136,34,102,0.25
39,Nidorino,61.0,72.0,57.0,55,55,65.0,1.0,False,Poison,Poison,,39,128,51,77,0.3984375
40,Nidoking,81.0,102.0,77.0,85,75,85.0,1.0,False,Poison/Ground,Poison,Ground,40,140,79,61,0.5642857142857143
41,Clefairy,70.0,45.0,48.0,60,65,35.0,1.0,False,Fairy,Fairy,,41,127,20,107,0.15748031496062992
42,Clefable,95.0,70.0,73.0,95,90,60.0,1.0,False,Fairy,Fairy,,42,123,49,74,0.3983739837398374
43,Vulpix,38.0,41.0,40.0,50,65,65.0,1.0,False,Fire,Fire,,43,129,53,76,0.4108527131782946
44,Ninetales,73.0,76.0,75.0,81,100,100.0,1.0,False,Fire,Fire,,44,127,103,24,0.8110236220472441
45,Jigglypuff,115.0,45.0,20.0,45,25,20.0,1.0,False,Normal/Fairy,Normal,Fairy,45,130,15,115,0.11538461538461539
46,Wigglytuff,140.0,70.0,45.0,85,50,45.0,1.0,False,Normal/Fairy,Normal,Fairy,,0,0,0,0.0
47,Zubat,40.0,45.0,35.0,30,40,55.0,1.0,False,Poison/Flying,Poison,Flying,47,145,55,90,0.3793103448275862
48,Golbat,75.0,80.0,70.0,65,75,90.0,1.0,False,Poison/Flying,Poison,Flying,48,128,97,31,0.7578125
49,Oddish,45.0,50.0,55.0,75,65,30.0,1.0,False,Grass/Poison,Grass,Poison,49,143,9,134,0.06293706293706294
50,Gloom,60.0,65.0,70.0,85,75,40.0,1.0,False,Grass/Poison,Grass,Poison,50,129,28,101,0.21705426356589147
51,Vileplume,75.0,80.0,85.0,110,90,50.0,1.0,False,Grass/Poison,Grass,Poison,51,124,44,80,0.3548387096774194
52,Paras,35.0,70.0,55.0,45,55,25.0,1.0,False,Bug/Grass,Bug,Grass,52,138,13,125,0.09420289855072464
53,Parasect,60.0,95.0,80.0,60,80,30.0,1.0,False,Bug/Grass,Bug,Grass,53,154,30,124,0.19480519480519481
54,Venonat,60.0,55.0,50.0,40,55,45.0,1.0,False,Bug/Poison,Bug,Poison,54,143,32,111,0.22377622377622378
55,Venomoth,70.0,65.0,60.0,90,75,90.0,1.0,False,Bug/Poison,Bug,Poison,55,140,92,48,0.6571428571428571
56,Diglett,10.0,55.0,25.0,35,45,95.0,1.0,False,Ground,Ground,,56,126,68,58,0.5396825396825397
57,Dugtrio,35.0,80.0,50.0,50,70,120.0,1.0,False,Ground,Ground,,57,128,108,20,0.84375
58,Meowth,40.0,45.0,35.0,40,40,90.0,1.0,False,Normal,Normal,,58,140,91,49,0.65
59,Persian,65.0,70.0,60.0,65,65,115.0,1.0,False,Normal,Normal,,59,120,103,17,0.8583333333333333
60,Psyduck,50.0,52.0,48.0,65,50,55.0,1.0,False,Water,Water,,60,142,47,95,0.33098591549295775
61,Golduck,80.0,82.0,78.0,95,80,85.0,1.0,False,Water,Water,,61,115,79,36,0.6869565217391305
62,Mankey,40.0,80.0,35.0,35,45,70.0,1.0,False,Fighting,Fighting,,62,118,55,63,0.4661016949152542
64,Growlithe,55.0,70.0,45.0,70,50,60.0,1.0,False,Fire,Fire,,64,120,54,66,0.45
65,Arcanine,90.0,110.0,80.0,100,80,95.0,1.0,False,Fire,Fire,,65,114,91,23,0.7982456140350878
66,Poliwag,40.0,50.0,40.0,40,40,90.0,1.0,False,Water,Water,,,0,0,0,0.0
67,Poliwhirl,65.0,65.0,65.0,50,50,90.0,1.0,False,Water,Water,,67,125,90,35,0.72
68,Poliwrath,90.0,95.0,95.0,70,90,70.0,1.0,False,Water/Fighting,Water,Fighting,68,130,68,62,0.5230769230769231
69,Abra,25.0,20.0,15.0,105,55,90.0,1.0,False,Psychic,Psychic,,69,108,35,73,0.32407407407407407
70,Kadabra,40.0,35.0,30.0,120,70,105.0,1.0,False,Psychic,Psychic,,70,130,87,43,0.6692307692307692
71,Alakazam,55.0,50.0,45.0,135,95,120.0,1.0,False,Psychic,Psychic,,71,140,108,32,0.7714285714285715
72,Mega Alakazam,55.0,50.0,65.0,175,95,150.0,1.0,False,Psychic,Psychic,,72,110,86,24,0.7818181818181819
73,Machop,70.0,80.0,50.0,35,35,35.0,1.0,False,Fighting,Fighting,,73,150,21,129,0.14
74,Machoke,80.0,100.0,70.0,50,60,45.0,1.0,False,Fighting,Fighting,,74,124,32,92,0.25806451612903225
75,Machamp,90.0,130.0,80.0,65,85,55.0,1.0,False,Fighting,Fighting,,75,116,51,65,0.4396551724137931
76,Bellsprout,50.0,75.0,35.0,70,30,40.0,1.0,False,Grass/Poison,Grass,Poison,76,108,23,85,0.21296296296296297
77,Weepinbell,65.0,90.0,50.0,85,45,55.0,1.0,False,Grass/Poison,Grass,Poison,77,121,45,76,0.371900826446281
78,Victreebel,80.0,105.0,65.0,100,70,70.0,1.0,False,Grass/Poison,Grass,Poison,,0,0,0,0.0
79,Tentacool,40.0,40.0,35.0,50,100,70.0,1.0,False,Water/Poison,Water,Poison,79,157,79,78,0.5031847133757962
80,Tentacruel,80.0,70.0,65.0,80,120,100.0,1.0,False,Water/Poison,Water,Poison,80,117,94,23,0.8034188034188035
81,Geodude,40.0,80.0,100.0,30,30,20.0,1.0,False,Rock/Ground,Rock,Ground,81,135,16,119,0.11851851851851852
82,Graveler,55.0,95.0,115.0,45,45,35.0,1.0,False,Rock/Ground,Rock,Ground,82,137,29,108,0.2116788321167883
83,Golem,80.0,120.0,130.0,55,65,45.0,1.0,False,Rock/Ground,Rock,Ground,83,135,50,85,0.37037037037037035
84,Ponyta,50.0,85.0,55.0,65,65,90.0,1.0,False,Fire,Fire,,84,115,86,29,0.7478260869565218
85,Rapidash,65.0,100.0,70.0,80,80,105.0,1.0,False,Fire,Fire,,85,105,91,14,0.8666666666666667
86,Slowpoke,90.0,65.0,65.0,40,40,15.0,1.0,False,Water/Psychic,Water,Psychic,86,122,24,98,0.19672131147540983
87,Slowbro,95.0,75.0,110.0,100,80,30.0,1.0,False,Water/Psychic,Water,Psychic,87,131,20,111,0.15267175572519084
88,Mega Slowbro,95.0,75.0,180.0,130,80,30.0,1.0,False,Water/Psychic,Water,Psychic,88,116,16,100,0.13793103448275862
89,Magnemite,25.0,35.0,70.0,95,55,45.0,1.0,False,Electric/Steel,Electric,Steel,89,143,24,119,0.16783216783216784
90,Magneton,50.0,60.0,95.0,120,70,70.0,1.0,False,Electric/Steel,Electric,Steel,,0,0,0,0.0
91,  Farfetch'd  ,52.0,65.0,55.0,58,62,60.0,1.0,False,Normal/Flying,Normal,Flying,91,116,52,64,0.4482758620689655
92,Doduo,35.0,85.0,45.0,35,35,75.0,1.0,False,Normal/Flying,Normal,Flying,92,134,87,47,0.6492537313432836
93,Dodrio,60.0,110.0,70.0,60,60,100.0,1.0,False,Normal/Flying,Normal,Flying,93,143,121,22,0.8461538461538461
94,Seel,65.0,45.0,55.0,45,70,45.0,1.0,False,Water,Water,,94,119,29,90,0.24369747899159663
95,Dewgong,90.0,70.0,80.0,70,95,70.0,1.0,False,Water/Ice,Water,Ice,95,131,68,63,0.5190839694656488
96,Grimer,80.0,80.0,50.0,40,50,25.0,1.0,False,Poison,Poison,,96,142,25,117,0.176056338028169
97,Muk,105.0,105.0,75.0,65,100,50.0,1.0,False,Poison,Poison,,97,133,50,83,0.37593984962406013
98,Shellder,30.0,65.0,100.0,45,25,40.0,1.0,False,Water,Water,,98,111,21,90,0.1891891891891892
99,Cloyster,50.0,95.0,180.0,85,45,70.0,1.0,False,Water/Ice,Water,Ice,99,134,71,63,0.5298507462686567
100,Gastly,30.0,35.0,30.0,100,35,80.0,1.0,False,Ghost/Poison,Ghost,Poison,100,128,61,67,0.4765625
101,Haunter,45.0,50.0,45.0,115,55,95.0,1.0,False,Ghost/Poison,Ghost,Poison,101,111,77,34,0.6936936936936937
102,Gengar,60.0,65.0,60.0,130,75,110.0,1.0,False,Ghost/Poison,Ghost,Poison,102,114,88,26,0.7719298245614035
103,Mega Gengar,60.0,65.0,80.0,170,95,130.0,1.0,False,Ghost/Poison,Ghost,Poison,103,131,113,18,0.8625954198473282
104,Onix,35.0,45.0,160.0,30,45,70.0,1.0,False,Rock/Ground,Rock,Ground,104,135,65,70,0.48148148148148145
105,Drowzee,60.0,48.0,45.0,43,90,42.0,1.0,False,Psychic,Psychic,,105,137,30,107,0.21897810218978103
106,Hypno,85.0,73.0,70.0,73,115,67.0,1.0,False,Psychic,Psychic,,106,119,61,58,0.5126050420168067
107,Krabby,30.0,105.0,90.0,25,25,50.0,1.0,False,Water,Water,,107,137,38,99,0.2773722627737226
108,Kingler,55.0,130.0,115.0,50,50,75.0,1.0,False,Water,Water,,108,112,67,45,0.5982142857142857
109,Voltorb,40.0,30.0,50.0,55,55,100.0,1.0,False,Electric,Electric,,109,113,66,47,0.584070796460177
110,Electrode,60.0,50.0,70.0,80,80,140.0,1.0,False,Electric,Electric,,110,129,109,20,0.8449612403100775
111,Exeggcute,60.0,40.0,80.0,60,45,40.0,1.0,False,Grass/Psychic,Grass,Psychic,111,136,32,104,0.23529411764705882
112,Exeggutor,95.0,95.0,85.0,125,65,55.0,1.0,False,Grass/Psychic,Grass,Psychic,112,95,37,58,0.3894736842105263
113,Cubone,50.0,50.0,95.0,40,50,35.0,1.0,False,Ground,Ground,,113,143,29,114,0.20279720279720279
114,Marowak,60.0,80.0,110.0,50,80,45.0,1.0,False,Ground,Ground,,114,120,34,86,0.2833333333333333
115,Hitmonlee,50.0,120.0,53.0,35,110,87.0,1.0,False,Fighting,Fighting,,115,128,82,46,0.640625
116,Hitmonchan,50.0,105.0,79.0,35,110,76.0,1.0,False,"Fighting, Fairy","Fighting, Fairy",,116,140,87,53,0.6214285714285714
117,Lickitung,90.0,55.0,75.0,60,75,30.0,1.0,False,Normal,Normal,,117,136,19,117,0.13970588235294118
118,Koffing,40.0,65.0,95.0,60,45,35.0,1.0,False,Poison,Poison,,118,143,20,123,0.13986013986013987
119,Weezing,65.0,90.0,120.0,85,70,60.0,1.0,False,Poison,Poison,,119,129,56,73,0.43410852713178294
120,Rhyhorn,80.0,85.0,95.0,30,30,25.0,1.0,False,Ground/Rock,Ground,Rock,120,119,34,85,0.2857142857142857
121,Rhydon,105.0,130.0,120.0,45,45,40.0,1.0,False,Ground/Rock,Ground,Rock,121,108,48,60,0.4444444444444444
122,Chansey,250.0,5.0,5.0,35,105,50.0,1.0,False,Normal,Normal,,122,98,15,83,0.15306122448979592
123,Tangela,65.0,55.0,115.0,100,40,60.0,1.0,False,Grass,Grass,,123,129,49,80,0.3798449612403101
124,Kangaskhan,105.0,95.0,80.0,40,80,90.0,1.0,False,Normal,Normal,,124,126,95,31,0.753968253968254
125,Mega Kangaskhan,105.0,125.0,100.0,60,100,100.0,1.0,False,Normal,Normal,,125,128,107,21,0.8359375
126,Horsea,30.0,40.0,70.0,70,25,60.0,1.0,False,Water,Water,,126,133,55,78,0.41353383458646614
127,Seadra,55.0,65.0,95.0,95,45,85.0,1.0,False,Water,Water,,127,118,78,40,0.6610169491525424
128,Goldeen,45.0,67.0,60.0,35,50,63.0,1.0,False,Water,Water,,128,117,60,57,0.5128205128205128
129,Seaking,80.0,92.0,65.0,65,80,68.0,1.0,False,Water,Water,,129,114,55,59,0.4824561403508772
130,Staryu,30.0,45.0,55.0,70,55,85.0,1.0,False,Water,Water,,130,142,80,62,0.5633802816901409
131,Starmie,60.0,75.0,85.0,100,85,115.0,1.0,False,Water/Psychic,Water,Psychic,131,129,116,13,0.8992248062015504
132,Mr. Mime,40.0,45.0,65.0,100,120,90.0,1.0,False,Psychic/Fairy,Psychic,Fairy,132,136,76,60,0.5588235294117647
133,Scyther,70.0,110.0,80.0,55,80,105.0,1.0,False,Bug/Flying,Bug,Flying,133,141,124,17,0.8794326241134752
134,Jynx,65.0,50.0,35.0,115,95,95.0,1.0,False,Ice/Psychic,Ice,Psychic,134,135,99,36,0.7333333333333333
135,Electabuzz,65.0,83.0,57.0,95,85,105.0,1.0,False,Electric,Electric,,135,129,115,14,0.8914728682170543
136,Magmar,65.0,95.0,57.0,100,85,93.0,1.0,False,Fire,Fire,,136,129,96,33,0.7441860465116279
137,Pinsir,65.0,125.0,100.0,55,70,85.0,1.0,False,Bug,Bug,,137,124,81,43,0.6532258064516129
138,Mega Pinsir,65.0,155.0,120.0,65,90,105.0,1.0,False,Bug/Flying,Bug,Flying,138,121,105,16,0.8677685950413223
139,Tauros,75.0,100.0,95.0,40,70,110.0,1.0,False,Normal,Normal,,139,117,102,15,0.8717948717948718
140,Magikarp,20.0,10.0,55.0,15,20,80.0,1.0,False,Water,Water,,140,139,25,114,0.17985611510791366
141,Gyarados,95.0,125.0,79.0,60,100,81.0,1.0,False,Water/Flying,Water,Flying,141,133,82,51,0.6165413533834586
142,Mega Gyarados,95.0,155.0,109.0,70,130,81.0,1.0,False,Water/Dark,Water,Dark,142,137,93,44,0.6788321167883211
143,Lapras,130.0,85.0,80.0,85,95,60.0,1.0,False,Water/Ice,Water,Ice,143,139,61,78,0.43884892086330934
144,Ditto,48.0,48.0,48.0,48,48,48.0,1.0,False,Normal,Normal,,,0,0,0,0.0
145,Eevee,55.0,55.0,50.0,45,65,55.0,1.0,False,Normal,Normal,,145,99,37,62,0.37373737373737376
146,Vaporeon,130.0,65.0,60.0,110,95,65.0,1.0,False,Water,Water,,146,132,69,63,0.5227272727272727
147,Jolteon,65.0,65.0,60.0,110,95,130.0,1.0,False,Electric,Electric,,147,134,124,10,0.9253731343283582
148,Flareon,65.0,130.0,60.0,95,110,65.0,1.0,False,Fire,Fire,,148,132,70,62,0.5303030303030303
149,Porygon,65.0,60.0,70.0,85,75,40.0,1.0,False,Normal,Normal,,149,128,23,105,0.1796875
150,Omanyte,35.0,40.0,100.0,90,55,35.0,1.0,False,Rock/Water,Rock,Water,150,128,23,105,0.1796875
151,Omastar,70.0,60.0,125.0,115,70,55.0,1.0,False,Rock/Water,Rock,Water,151,138,49,89,0.35507246376811596
152,Kabuto,30.0,80.0,90.0,55,45,55.0,1.0,False,Rock/Water,Rock,Water,152,142,61,81,0.4295774647887324
153,Kabutops,60.0,115.0,105.0,65,70,80.0,1.0,False,Rock/Water,Rock,Water,153,110,79,31,0.7181818181818181
154,Aerodactyl,80.0,105.0,65.0,60,75,130.0,1.0,False,Rock/Flying,Rock,Flying,154,141,136,5,0.9645390070921985
155,Mega Aerodactyl,80.0,135.0,85.0,70,95,150.0,1.0,False,Rock/Flying,Rock,Flying,155,129,127,2,0.9844961240310077
156,Snorlax,160.0,110.0,65.0,65,110,30.0,1.0,False,Normal,Normal,,156,112,40,72,0.35714285714285715
157,Articuno,90.0,85.0,100.0,95,125,85.0,1.0,True,Ice/Flying,Ice,Flying,157,139,95,44,0.6834532374100719
158,Zapdos,90.0,90.0,85.0,125,90,100.0,1.0,True,Electric/Flying,Electric,Flying,158,121,93,28,0.768595041322314
159,Moltres,90.0,100.0,90.0,125,85,90.0,1.0,True,Fire/Flying,Fire,Flying,159,136,100,36,0.7352941176470589
160,Dratini,41.0,64.0,45.0,50,50,50.0,1.0,False,Dragon,Dragon,,160,117,43,74,0.36752136752136755
161,Dragonair,61.0,84.0,65.0,70,70,70.0,1.0,False,Dragon,Dragon,,161,116,58,58,0.5
162,Dragonite,91.0,134.0,95.0,100,100,80.0,1.0,False,Dragon/Flying,Dragon,Flying,162,138,87,51,0.6304347826086957
163,Mewtwo,106.0,110.0,90.0,154,90,130.0,1.0,True,Psychic,Psychic,,163,164,152,12,0.926829268292683
164,Mega Mewtwo X,106.0,190.0,100.0,154,100,130.0,1.0,True,Psychic/Fighting,Psychic,Fighting,164,135,125,10,0.9259259259259259
165,Mega Mewtwo Y,106.0,150.0,70.0,194,120,140.0,1.0,True,Psychic,Psychic,,165,125,119,6,0.952
166,Mew,100.0,100.0,100.0,100,100,100.0,1.0,False,Psychic,Psychic,,166,113,94,19,0.831858407079646
167,Chikorita,45.0,49.0,65.0,49,65,45.0,2.0,False,Grass,Grass,,167,120,33,87,0.275
168,Bayleef,60.0,62.0,80.0,63,80,60.0,2.0,False,Grass,Grass,,168,113,49,64,0.4336283185840708
169,Meganium,80.0,82.0,100.0,83,100,80.0,2.0,False,Grass,Grass,,169,129,88,41,0.6821705426356589
170,Cyndaquil,39.0,52.0,43.0,60,50,65.0,2.0,False,Fire,Fire,,170,121,61,60,0.5041322314049587
171,Quilava,58.0,64.0,58.0,80,65,80.0,2.0,False,Fire,Fire,,171,151,92,59,0.609271523178808
172,Typhlosion,78.0,84.0,78.0,109,85,100.0,2.0,False,Fire,Fire,,172,116,100,16,0.8620689655172413
173,Totodile,50.0,65.0,64.0,44,48,43.0,2.0,False,Water,Water,,173,132,29,103,0.2196969696969697
174,Croconaw,65.0,80.0,80.0,59,63,58.0,2.0,False,Water,Water,,174,136,60,76,0.4411764705882353
175,Feraligatr,85.0,105.0,100.0,79,83,78.0,2.0,False,Water,Water,,175,138,81,57,0.5869565217391305
176,Sentret,35.0,46.0,34.0,35,45,20.0,2.0,False,Normal,Normal,,176,125,9,116,0.072
177,Furret,85.0,76.0,64.0,45,55,90.0,2.0,False,Normal,Normal,,177,138,93,45,0.6739130434782609
178,Hoothoot,60.0,30.0,30.0,36,56,50.0,2.0,False,Normal/Flying,Normal,Flying,178,111,36,75,0.32432432432432434
179,Noctowl,100.0,50.0,50.0,76,96,70.0,2.0,False,Normal/Flying,Normal,Flying,179,136,68,68,0.5
180,Ledyba,40.0,20.0,30.0,40,80,55.0,2.0,False,Bug/Flying,Bug,Flying,180,123,28,95,0.22764227642276422
181,Ledian,55.0,35.0,50.0,55,110,85.0,2.0,False,Bug/Flying,Bug,Flying,181,137,86,51,0.6277372262773723
182,Spinarak,40.0,60.0,40.0,40,40,30.0,2.0,False,Bug/Poison,Bug,Poison,182,137,13,124,0.0948905109489051
183,Ariados,70.0,90.0,70.0,60,60,40.0,2.0,False,Bug/Poison,Bug,Poison,,0,0,0,0.0
184,Crobat,85.0,90.0,80.0,70,80,130.0,2.0,False,Poison/Flying,Poison,Flying,184,122,113,9,0.9262295081967213
185,Chinchou,75.0,38.0,38.0,56,56,67.0,2.0,False,Water/Electric,Water,Electric,185,114,60,54,0.5263157894736842
186,Lanturn,125.0,58.0,58.0,76,76,67.0,2.0,False,Water/Electric,Water,Electric,186,128,66,62,0.515625
187,Pichu,20.0,40.0,15.0,35,35,60.0,2.0,False,Electric,Electric,,187,105,36,69,0.34285714285714286
188,Cleffa,50.0,25.0,28.0,45,55,15.0,2.0,False,Fairy,Fairy,,188,112,7,105,0.0625
189,Igglybuff,90.0,30.0,15.0,40,20,15.0,2.0,False,Normal/Fairy,Normal,Fairy,189,115,5,110,0.043478260869565216
190,Togepi,35.0,20.0,65.0,40,65,20.0,2.0,False,Fairy,Fairy,,190,122,3,119,0.02459016393442623
191,Togetic,55.0,40.0,85.0,80,105,40.0,2.0,False,Fairy/Flying,Fairy,Flying,191,127,30,97,0.23622047244094488
192,Natu,40.0,50.0,45.0,70,45,70.0,2.0,False,Psychic/Flying,Psychic,Flying,192,116,64,52,0.5517241379310345
193,Xatu,65.0,75.0,70.0,95,70,95.0,2.0,False,Psychic/Flying,Psychic,Flying,193,121,88,33,0.7272727272727273
194,Mareep,55.0,40.0,40.0,65,45,35.0,2.0,False,Electric,Electric,,194,140,23,117,0.16428571428571428
195,Flaaffy,70.0,55.0,55.0,80,60,45.0,2.0,False,Electric,Electric,,195,108,24,84,0.2222222222222222
196,Ampharos,90.0,75.0,85.0,115,90,55.0,2.0,False,Electric,Electric,,196,119,41,78,0.3445378151260504
197,Mega Ampharos,90.0,95.0,105.0,165,110,45.0,2.0,False,Electric/Dragon,Electric,Dragon,197,128,37,91,0.2890625
198,Bellossom,75.0,80.0,95.0,90,100,50.0,2.0,False,Grass,Grass,,198,139,30,109,0.2158273381294964
199,Marill,70.0,20.0,50.0,20,50,40.0,2.0,False,Water/Fairy,Water,Fairy,199,122,19,103,0.1557377049180328
200,Azumarill,100.0,50.0,80.0,60,80,50.0,2.0,False,Water/Fairy,Water,Fairy,200,128,44,84,0.34375
201,Sudowoodo,70.0,100.0,115.0,30,65,30.0,2.0,False,Rock,Rock,,201,123,30,93,0.24390243902439024
202,Politoed,90.0,75.0,75.0,90,100,70.0,2.0,False,Water,Water,,202,119,65,54,0.5462184873949579
203,Hoppip,35.0,35.0,40.0,35,55,50.0,2.0,False,Grass/Flying,Grass,Flying,203,119,48,71,0.40336134453781514
204,Skiploom,55.0,45.0,50.0,45,65,80.0,2.0,False,Grass/Flying,Grass,Flying,204,119,66,53,0.5546218487394958
205,Jumpluff,75.0,55.0,70.0,55,95,110.0,2.0,False,"Grass, Flying/Flying","Grass, Flying",Flying,205,135,114,21,0.8444444444444444
206,Aipom,55.0,70.0,55.0,40,55,85.0,2.0,False,Normal,Normal,,206,123,87,36,0.7073170731707317
207,Sunkern,30.0,30.0,30.0,30,30,30.0,2.0,False,Grass,Grass,,207,111,14,97,0.12612612612612611
208,Sunflora,75.0,75.0,55.0,105,85,30.0,2.0,False,Grass,Grass,,208,142,23,119,0.1619718309859155
209,Yanma,65.0,65.0,45.0,75,45,95.0,2.0,False,Bug/Flying,Bug,Flying,209,125,90,35,0.72
210,Wooper,55.0,45.0,45.0,25,25,15.0,2.0,False,Water/Ground,Water,Ground,210,125,6,119,0.048
211,Quagsire,95.0,85.0,85.0,65,65,35.0,2.0,False,Water/Ground,Water,Ground,211,140,36,104,0.2571428571428571
212,Espeon,65.0,65.0,60.0,130,95,110.0,2.0,False,Psychic,Psychic,,212,142,117,25,0.823943661971831
213,Umbreon,95.0,65.0,110.0,60,130,65.0,2.0,False,Dark,Dark,,213,127,67,60,0.5275590551181102
214,Murkrow,60.0,85.0,42.0,85,42,91.0,2.0,False,Dark/Flying,Dark,Flying,214,158,130,28,0.8227848101265823
215,Slowking,95.0,75.0,80.0,100,110,30.0,2.0,False,Water/Psychic,Water,Psychic,215,132,32,100,0.24242424242424243
216,Misdreavus,60.0,60.0,60.0,85,85,85.0,2.0,False,Ghost,Ghost,,216,133,84,49,0.631578947368421
217,Unown,48.0,72.0,48.0,72,48,48.0,2.0,False,Psychic,Psychic,,217,127,33,94,0.25984251968503935
218,Wobbuffet,190.0,33.0,58.0,33,58,33.0,2.0,False,Psychic,Psychic,,218,134,18,116,0.13432835820895522
219,Girafarig,70.0,80.0,65.0,90,65,85.0,2.0,False,Normal/Psychic,Normal,Psychic,219,128,74,54,0.578125
220,Pineco,50.0,65.0,90.0,35,35,15.0,2.0,False,Bug,Bug,,220,109,16,93,0.14678899082568808
221,Forretress,75.0,90.0,140.0,60,60,40.0,2.0,False,Bug/Steel,Bug,Steel,221,123,37,86,0.3008130081300813
222,Dunsparce,100.0,70.0,70.0,65,65,45.0,2.0,False,Normal,Normal,,222,137,26,111,0.1897810218978102
223,Gligar,65.0,75.0,105.0,35,65,85.0,2.0,False,Ground/Flying,Ground,Flying,223,134,93,41,0.6940298507462687
224,Steelix,75.0,85.0,200.0,55,65,30.0,2.0,False,Steel/Ground,Steel,Ground,224,149,25,124,0.16778523489932887
225,Mega Steelix,75.0,125.0,230.0,55,95,30.0,,False,Steel/Ground,Steel,Ground,225,145,50,95,0.3448275862068966
226,Snubbull,60.0,80.0,50.0,40,40,30.0,2.0,False,Fairy,Fairy,,226,137,21,116,0.15328467153284672
227,Granbull,90.0,120.0,75.0,60,60,45.0,2.0,False,Fairy,Fairy,,227,119,35,84,0.29411764705882354
228,Qwilfish,65.0,95.0,75.0,55,55,85.0,2.0,False,Water/Poison,Water,Poison,228,150,104,46,0.6933333333333334
229,Scizor,70.0,130.0,100.0,55,80,65.0,2.0,False,Bug/Steel,Bug,Steel,229,125,76,49,0.608
230,Mega Scizor,70.0,150.0,140.0,65,100,75.0,2.0,False,Bug/Steel,Bug,Steel,230,140,77,63,0.55
231,Shuckle,20.0,10.0,230.0,10,230,5.0,2.0,False,Bug/Rock,Bug,Rock,231,135,0,135,0.0
232,Heracross,80.0,125.0,75.0,40,95,85.0,2.0,False,Bug/Fighting,Bug,Fighting,232,136,94,42,0.6911764705882353
233,Mega Heracross,80.0,185.0,115.0,40,105,75.0,2.0,False,Bug/Fighting,Bug,Fighting,233,130,81,49,0.6230769230769231
234,Sneasel,55.0,95.0,55.0,35,75,115.0,2.0,False,Dark/Ice,Dark,Ice,234,113,106,7,0.9380530973451328
235,Teddiursa,60.0,80.0,50.0,50,50,40.0,2.0,False,Normal,Normal,,235,109,26,83,0.23853211009174313
236,Ursaring,90.0,130.0,75.0,75,75,55.0,2.0,False,Normal,Normal,,,0,0,0,0.0
237,Slugma,40.0,40.0,40.0,70,40,20.0,2.0,False,Fire,Fire,,237,123,4,119,0.032520325203252036
238,Magcargo,50.0,50.0,120.0,80,80,30.0,2.0,False,Fire/Rock,Fire,Rock,238,124,9,115,0.07258064516129033
239,Swinub,50.0,50.0,40.0,30,30,50.0,2.0,False,Ice/Ground,Ice,Ground,239,133,37,96,0.2781954887218045
240,Piloswine,100.0,100.0,80.0,60,60,50.0,,False,Ice/Ground,Ice,Ground,240,118,36,82,0.3050847457627119
241,Corsola,55.0,55.0,85.0,65,85,35.0,2.0,False,Water/Rock,Water,Rock,241,139,28,111,0.2014388489208633
242,Remoraid,35.0,65.0,35.0,65,35,65.0,2.0,False,Water,Water,,242,148,69,79,0.46621621621621623
243,Octillery,75.0,105.0,75.0,105,75,45.0,2.0,False,Water,Water,,243,113,37,76,0.3274336283185841
244,Delibird,45.0,55.0,45.0,65,45,75.0,2.0,False,Ice/Flying,Ice,Flying,244,130,74,56,0.5692307692307692
245,Mantine,65.0,40.0,70.0,80,140,70.0,2.0,False,Water/Flying,Water,Flying,245,131,78,53,0.5954198473282443
246,Skarmory,65.0,80.0,140.0,40,70,70.0,2.0,False,Steel/Flying,Steel,Flying,246,134,70,64,0.5223880597014925
247,Houndour,45.0,60.0,30.0,80,50,65.0,2.0,False,Dark/Fire,Dark,Fire,247,126,58,68,0.4603174603174603
248,Houndoom,75.0,90.0,50.0,110,80,95.0,2.0,False,Dark/Fire,Dark,Fire,248,139,111,28,0.7985611510791367
249,Mega Houndoom,75.0,90.0,90.0,140,90,115.0,2.0,False,Dark/Fire,Dark,Fire,249,135,128,7,0.9481481481481482
250,Kingdra,75.0,95.0,95.0,95,95,85.0,2.0,False,Water/Dragon,Water,Dragon,250,136,88,48,0.6470588235294118
251,Phanpy,90.0,60.0,60.0,40,40,40.0,2.0,False,Ground,Ground,,251,132,39,93,0.29545454545454547
252,Donphan,90.0,120.0,120.0,60,60,50.0,2.0,False,Ground,Ground,,252,136,48,88,0.35294117647058826
253,Porygon2,85.0,80.0,90.0,105,95,60.0,2.0,False,Normal,Normal,,253,108,53,55,0.49074074074074076
254,Stantler,73.0,95.0,62.0,85,65,85.0,2.0,False,Normal,Normal,,254,135,90,45,0.6666666666666666
255,Smeargle,55.0,20.0,35.0,20,45,75.0,2.0,False,Normal,Normal,,255,138,52,86,0.37681159420289856
256,Tyrogue,35.0,35.0,35.0,35,35,35.0,2.0,False,Fighting,Fighting,,256,127,17,110,0.13385826771653545
257,Hitmontop,50.0,95.0,95.0,35,110,70.0,2.0,False,Fighting,Fighting,,257,139,72,67,0.5179856115107914
258,Smoochum,45.0,30.0,15.0,85,65,65.0,2.0,False,Ice/Psychic,Ice,Psychic,258,127,46,81,0.36220472440944884
259,Elekid,45.0,63.0,37.0,65,55,95.0,2.0,False,Electric,Electric,,259,144,116,28,0.8055555555555556
260,Magby,45.0,75.0,37.0,70,55,83.0,2.0,False,Fire,Fire,,260,131,81,50,0.6183206106870229
261,Miltank,95.0,80.0,105.0,40,70,100.0,2.0,False,Normal,Normal,,261,128,103,25,0.8046875
262,Blissey,255.0,10.0,10.0,75,135,55.0,2.0,False,Normal,Normal,,262,128,40,88,0.3125
263,Raikou,90.0,85.0,75.0,115,100,115.0,2.0,True,Electric,Electric,,263,97,91,6,0.9381443298969072
264,Entei,115.0,115.0,85.0,90,75,100.0,2.0,True,Fire,Fire,,264,134,109,25,0.8134328358208955
265,Suicune,100.0,75.0,115.0,90,115,85.0,2.0,True,Water,Water,,265,121,78,43,0.6446280991735537
266,Larvitar,50.0,64.0,50.0,45,50,41.0,2.0,False,Rock/Ground,Rock,Ground,266,110,25,85,0.22727272727272727
267,Pupitar,70.0,84.0,70.0,65,70,51.0,2.0,False,Rock/Ground,Rock,Ground,267,139,41,98,0.2949640287769784
268,Tyranitar,100.0,134.0,110.0,95,100,61.0,2.0,False,Rock/Dark,Rock,Dark,268,138,56,82,0.4057971014492754
269,Mega Tyranitar,100.0,164.0,150.0,95,120,71.0,2.0,False,Rock/Dark,Rock,Dark,269,124,70,54,0.5645161290322581
270,Lugia,106.0,90.0,130.0,90,154,110.0,2.0,True,Psychic/Flying,Psychic,Flying,270,123,107,16,0.8699186991869918
271,Ho-oh,106.0,130.0,90.0,110,154,90.0,2.0,True,Fire/Flying,Fire,Flying,271,107,77,30,0.719626168224299
272,Celebi,100.0,100.0,100.0,100,100,100.0,2.0,False,Psychic/Grass,Psychic,Grass,272,133,111,22,0.8345864661654135
273,Treecko,40.0,45.0,35.0,65,55,70.0,3.0,False,Grass,Grass,,273,116,52,64,0.4482758620689655
274,Grovyle,50.0,65.0,45.0,85,65,95.0,3.0,False,Grass,Grass,,274,105,76,29,0.7238095238095238
275,Sceptile,70.0,85.0,65.0,105,85,120.0,3.0,False,Grass,Grass,,275,122,113,9,0.9262295081967213
276,Mega Sceptile,70.0,110.0,75.0,145,85,145.0,3.0,False,Grass/Dragon,Grass,Dragon,276,126,119,7,0.9444444444444444
277,Torchic,45.0,60.0,40.0,70,50,45.0,3.0,False,Fire,Fire,,277,137,39,98,0.2846715328467153
278,Combusken,60.0,85.0,60.0,85,60,55.0,3.0,False,Fire/Fighting,Fire,Fighting,278,147,54,93,0.3673469387755102
279,Blaziken,80.0,120.0,70.0,110,70,80.0,3.0,False,Fire/Fighting,Fire,Fighting,279,123,79,44,0.6422764227642277
280,Mega Blaziken,80.0,160.0,80.0,130,80,100.0,3.0,False,Fire/Fighting,Fire,Fighting,280,123,104,19,0.8455284552845529
281,Mudkip,50.0,70.0,50.0,50,50,40.0,3.0,False,Water,Water,,281,135,22,113,0.16296296296296298
282,Marshtomp,70.0,85.0,70.0,60,70,50.0,3.0,False,Water/Ground,Water,Ground,282,148,42,106,0.28378378378378377
283,Swampert,100.0,110.0,90.0,85,90,60.0,3.0,False,"Water, Fighting/Ground","Water, Fighting",Ground,283,136,65,71,0.47794117647058826
284,Mega Swampert,100.0,150.0,110.0,95,110,70.0,3.0,False,Water/Ground,Water,Ground,284,130,77,53,0.5923076923076923
285,Poochyena,35.0,55.0,35.0,30,30,35.0,3.0,False,Dark,Dark,,285,114,27,87,0.23684210526315788
286,Mightyena,70.0,90.0,70.0,60,60,70.0,3.0,False,Dark,Dark,,286,133,85,48,0.6390977443609023
287,Zigzagoon,38.0,30.0,41.0,30,41,60.0,3.0,False,Normal,Normal,,287,107,31,76,0.2897196261682243
288,Linoone,78.0,70.0,61.0,50,61,100.0,3.0,False,Normal,Normal,,288,124,101,23,0.8145161290322581
289,Wurmple,45.0,45.0,35.0,20,30,20.0,3.0,False,Bug,Bug,,289,138,10,128,0.07246376811594203
290,Silcoon,50.0,35.0,55.0,25,25,15.0,3.0,False,Bug,Bug,,290,138,3,135,0.021739130434782608
291,Beautifly,60.0,70.0,50.0,100,50,65.0,3.0,False,Bug/Flying,Bug,Flying,291,138,72,66,0.5217391304347826
292,Cascoon,50.0,35.0,55.0,25,25,15.0,3.0,False,Bug,Bug,,292,133,7,126,0.05263157894736842
293,Dustox,60.0,50.0,70.0,50,90,65.0,3.0,False,Bug/Poison,Bug,Poison,293,139,55,84,0.39568345323741005
294,Lotad,40.0,30.0,30.0,40,50,30.0,3.0,False,Water/Grass,Water,Grass,294,126,10,116,0.07936507936507936
295,Lombre,60.0,50.0,50.0,60,70,50.0,3.0,False,Water/Grass,Water,Grass,295,127,36,91,0.28346456692913385
296,Ludicolo,80.0,70.0,70.0,90,100,70.0,3.0,False,Water/Grass,Water,Grass,296,123,69,54,0.5609756097560976
297,Seedot,40.0,40.0,50.0,30,30,30.0,3.0,False,Grass,Grass,,297,126,11,115,0.0873015873015873
298,Nuzleaf,70.0,70.0,40.0,60,40,60.0,3.0,False,Grass/Dark,Grass,Dark,298,113,48,65,0.4247787610619469
299,Shiftry,90.0,100.0,60.0,90,60,80.0,3.0,False,Grass/Dark,Grass,Dark,299,123,79,44,0.6422764227642277
300,Taillow,40.0,55.0,30.0,30,30,85.0,3.0,False,Normal/Flying,Normal,Flying,300,125,86,39,0.688
301,Swellow,60.0,85.0,60.0,50,50,125.0,3.0,False,Normal/Flying,Normal,Flying,301,121,110,11,0.9090909090909091
302,Wingull,40.0,30.0,30.0,55,30,85.0,3.0,False,Water/Flying,Water,Flying,302,120,56,64,0.4666666666666667
303,Pelipper,60.0,50.0,100.0,85,70,65.0,3.0,False,Water/Flying,Water,Flying,303,124,59,65,0.47580645161290325
304,Ralts,28.0,25.0,25.0,45,35,40.0,3.0,False,Psychic/Fairy,Psychic,Fairy,304,143,23,120,0.16083916083916083
305,Kirlia,38.0,35.0,35.0,65,55,50.0,3.0,False,Psychic/Fairy,Psychic,Fairy,305,136,36,100,0.2647058823529412
306,Gardevoir,68.0,65.0,65.0,125,115,80.0,3.0,False,Psychic/Fairy,Psychic,Fairy,306,130,84,46,0.6461538461538462
307,Mega Gardevoir,68.0,85.0,65.0,165,135,100.0,3.0,False,Psychic/Fairy,Psychic,Fairy,307,120,97,23,0.8083333333333333
308,Surskit,40.0,30.0,32.0,50,52,65.0,3.0,False,Bug/Water,Bug,Water,308,128,47,81,0.3671875
309,Masquerain,70.0,60.0,62.0,80,82,60.0,3.0,False,Bug/Flying,Bug,Flying,309,144,63,81,0.4375
310,Shroomish,60.0,40.0,60.0,40,60,35.0,3.0,False,Grass,Grass,,310,144,26,118,0.18055555555555555
311,Breloom,60.0,130.0,80.0,60,60,70.0,3.0,False,Grass/Fighting,Grass,Fighting,311,130,67,63,0.5153846153846153
312,Slakoth,60.0,60.0,60.0,35,35,30.0,3.0,False,Normal,Normal,,312,134,15,119,0.11194029850746269
313,Vigoroth,80.0,80.0,80.0,55,55,90.0,3.0,False,Normal,Normal,,313,134,86,48,0.6417910447761194
314,Slaking,150.0,160.0,100.0,95,65,100.0,3.0,False,Normal,Normal,,314,150,133,17,0.8866666666666667
315,Nincada,31.0,45.0,90.0,30,30,40.0,3.0,False,Bug/Ground,Bug,Ground,315,114,25,89,0.21929824561403508
316,Ninjask,61.0,90.0,45.0,50,50,160.0,3.0,False,Bug/Flying,Bug,Flying,316,117,108,9,0.9230769230769231
317,Shedinja,1.0,90.0,45.0,30,30,40.0,3.0,False,Bug/Ghost,Bug,Ghost,317,124,41,83,0.33064516129032256
318,Whismur,64.0,51.0,23.0,51,23,28.0,3.0,False,Normal,Normal,,318,132,15,117,0.11363636363636363
319,Loudred,84.0,71.0,43.0,71,43,48.0,3.0,False,Normal,Normal,,319,143,37,106,0.25874125874125875
320,Exploud,104.0,91.0,63.0,91,73,68.0,3.0,False,Normal,Normal,,320,127,65,62,0.5118110236220472
321,Makuhita,72.0,60.0,30.0,20,30,25.0,3.0,False,Fighting,Fighting,,321,121,14,107,0.11570247933884298
322,Hariyama,144.0,120.0,60.0,40,60,50.0,3.0,False,Fighting,Fighting,,,0,0,0,0.0
323,Azurill,50.0,20.0,40.0,20,40,20.0,3.0,False,Normal/Fairy,Normal,Fairy,323,135,13,122,0.0962962962962963
324,Nosepass,30.0,45.0,135.0,45,90,30.0,3.0,False,Rock,Rock,,324,140,13,127,0.09285714285714286
325,Skitty,50.0,45.0,45.0,35,35,50.0,3.0,False,Normal,Normal,,325,136,32,104,0.23529411764705882
326,Delcatty,70.0,65.0,65.0,55,55,70.0,3.0,False,Normal,Normal,,326,116,58,58,0.5
327,Sableye,50.0,75.0,75.0,65,65,50.0,3.0,False,Dark/Ghost,Dark,Ghost,327,121,49,72,0.4049586776859504
328,Mega Sableye,50.0,85.0,125.0,85,115,20.0,3.0,False,Dark/Ghost,Dark,Ghost,328,137,59,78,0.4306569343065693
329,Mawile,50.0,85.0,85.0,55,55,50.0,3.0,False,Steel/Fairy,Steel,Fairy,329,123,48,75,0.3902439024390244
330,Mega Mawile,50.0,105.0,125.0,55,95,50.0,3.0,False,Steel/Fairy,Steel,Fairy,330,141,53,88,0.375886524822695
331,Aron,50.0,70.0,100.0,40,40,30.0,3.0,False,Steel/Rock,Steel,Rock,331,126,28,98,0.2222222222222222
332,Lairon,60.0,90.0,140.0,50,50,40.0,3.0,False,Steel/Rock,Steel,Rock,332,142,36,106,0.2535211267605634
333,Aggron,70.0,110.0,180.0,60,60,50.0,3.0,False,Steel/Rock,Steel,Rock,333,153,63,90,0.4117647058823529
334,Mega Aggron,70.0,140.0,230.0,60,80,50.0,3.0,False,Steel,Steel,,334,148,48,100,0.32432432432432434
335,Meditite,30.0,40.0,55.0,40,55,60.0,3.0,False,Fighting/Psychic,Fighting,Psychic,335,139,45,94,0.3237410071942446
336,Medicham,60.0,60.0,75.0,60,75,80.0,3.0,False,Fighting/Psychic,Fighting,Psychic,336,112,82,30,0.7321428571428571
337,Mega Medicham,60.0,100.0,85.0,80,85,100.0,3.0,False,Fighting/Psychic,Fighting,Psychic,337,127,89,38,0.7007874015748031
338,Electrike,40.0,45.0,40.0,65,40,65.0,3.0,False,Electric,Electric,,338,136,77,59,0.5661764705882353
339,Manectric,70.0,75.0,60.0,105,60,105.0,3.0,False,Electric,Electric,,339,125,110,15,0.88
340,Mega Manectric,70.0,75.0,80.0,135,80,135.0,3.0,False,Electric,Electric,,340,134,123,11,0.917910447761194
341,Plusle,60.0,50.0,40.0,85,75,95.0,3.0,False,Electric,Electric,,341,122,92,30,0.7540983606557377
342,Minun,60.0,40.0,50.0,75,85,95.0,3.0,False,Electric,Electric,,342,134,81,53,0.6044776119402985
343,Volbeat,65.0,73.0,55.0,47,75,85.0,3.0,False,Bug,Bug,,343,111,76,35,0.6846846846846847
344,Illumise,65.0,47.0,55.0,73,75,85.0,3.0,False,Bug,Bug,,344,160,104,56,0.65
345,Roselia,50.0,60.0,45.0,100,80,65.0,3.0,False,Grass/Poison,Grass,Poison,345,116,53,63,0.45689655172413796
346,Gulpin,70.0,43.0,53.0,43,53,40.0,3.0,False,Poison,Poison,,346,110,21,89,0.19090909090909092
347,Swalot,100.0,73.0,83.0,73,83,55.0,3.0,False,Poison,Poison,,347,121,45,76,0.371900826446281
348,Carvanha,45.0,90.0,20.0,65,20,65.0,3.0,False,Water/Dark,Water,Dark,348,129,66,63,0.5116279069767442
349,Sharpedo,70.0,120.0,40.0,95,40,95.0,3.0,False,Water/Dark,Water,Dark,349,132,107,25,0.8106060606060606
350,Mega Sharpedo,70.0,140.0,70.0,110,65,105.0,3.0,False,Water/Dark,Water,Dark,350,120,114,6,0.95
351,Wailmer,130.0,70.0,35.0,70,35,60.0,3.0,False,Water,Water,,351,112,45,67,0.4017857142857143
352,Wailord,170.0,90.0,45.0,90,45,60.0,3.0,False,Water,Water,,352,138,59,79,0.427536231884058
353,Numel,60.0,60.0,40.0,65,45,35.0,3.0,False,Fire/Ground,Fire,Ground,353,120,19,101,0.15833333333333333
354,Camerupt,70.0,100.0,70.0,105,75,40.0,3.0,False,Fire/Ground,Fire,Ground,354,112,26,86,0.23214285714285715
355,Mega Camerupt,70.0,120.0,100.0,145,105,20.0,3.0,False,Fire/Ground,Fire,Ground,355,131,37,94,0.2824427480916031
356,Torkoal,70.0,85.0,140.0,85,70,20.0,3.0,False,Fire,Fire,,356,125,34,91,0.272
357,Spoink,60.0,25.0,35.0,70,80,60.0,3.0,False,Psychic,Psychic,,357,117,36,81,0.3076923076923077
358,Grumpig,80.0,45.0,65.0,90,110,80.0,3.0,False,Psychic,Psychic,,358,108,59,49,0.5462962962962963
359,Spinda,60.0,60.0,60.0,60,60,60.0,3.0,False,Normal,Normal,,359,126,48,78,0.38095238095238093
360,Trapinch,45.0,100.0,45.0,45,45,10.0,3.0,False,Ground,Ground,,360,139,41,98,0.2949640287769784
361,Vibrava,50.0,70.0,50.0,50,50,70.0,3.0,False,Ground/Dragon,Ground,Dragon,361,124,70,54,0.5645161290322581
362,Flygon,80.0,100.0,80.0,80,80,100.0,3.0,False,Ground/Dragon,Ground,Dragon,362,116,105,11,0.9051724137931034
363,Cacnea,50.0,85.0,40.0,85,40,35.0,3.0,False,Grass,Grass,,363,126,22,104,0.1746031746031746
364,Cacturne,70.0,115.0,60.0,115,60,55.0,3.0,False,Grass/Dark,Grass,Dark,364,142,66,76,0.4647887323943662
365,Swablu,45.0,40.0,60.0,40,75,50.0,3.0,False,Normal/Flying,Normal,Flying,365,123,36,87,0.2926829268292683
366,Altaria,75.0,70.0,90.0,70,105,80.0,3.0,False,Dragon/Flying,Dragon,Flying,366,125,82,43,0.656
367,Mega Altaria,75.0,110.0,110.0,110,105,80.0,3.0,False,Dragon/Fairy,Dragon,Fairy,367,137,90,47,0.656934306569343
368,Zangoose,73.0,115.0,60.0,60,60,90.0,3.0,False,Normal,Normal,,368,118,79,39,0.6694915254237288
369,Seviper,73.0,100.0,60.0,100,60,65.0,3.0,False,Poison,Poison,,369,143,61,82,0.42657342657342656
370,Lunatone,70.0,55.0,65.0,95,85,70.0,3.0,False,Rock/Psychic,Rock,Psychic,370,130,69,61,0.5307692307692308
371,Solrock,70.0,95.0,85.0,55,65,70.0,3.0,False,Rock/Psychic,Rock,Psychic,371,108,54,54,0.5
372,Barboach,50.0,48.0,43.0,46,41,60.0,3.0,False,Water/Ground,Water,Ground,372,148,70,78,0.47297297297297297
373,Whiscash,110.0,78.0,73.0,76,71,60.0,3.0,False,Water/Ground,Water,Ground,373,123,41,82,0.3333333333333333
374,Corphish,43.0,80.0,65.0,50,35,35.0,3.0,False,Water,Water,,374,155,22,133,0.14193548387096774
375,Crawdaunt,63.0,120.0,85.0,90,55,55.0,3.0,False,Water/Dark,Water,Dark,375,121,34,87,0.2809917355371901
376,Baltoy,40.0,40.0,55.0,40,70,55.0,3.0,False,Ground/Psychic,Ground,Psychic,376,149,61,88,0.40939597315436244
377,Claydol,60.0,70.0,105.0,70,120,75.0,3.0,False,Ground/Psychic,Ground,Psychic,377,122,73,49,0.5983606557377049
378,Lileep,66.0,41.0,77.0,61,87,23.0,3.0,False,Rock/Grass,Rock,Grass,378,124,15,109,0.12096774193548387
379,Cradily,86.0,81.0,97.0,81,107,43.0,3.0,False,Rock/Grass,Rock,Grass,379,128,26,102,0.203125
380,Anorith,45.0,95.0,50.0,40,50,75.0,3.0,False,Rock/Bug,Rock,Bug,380,150,81,69,0.54
381,Armaldo,75.0,125.0,100.0,70,80,45.0,3.0,False,Rock/Bug,Rock,Bug,381,112,37,75,0.33035714285714285
382,Feebas,20.0,15.0,20.0,10,55,80.0,3.0,False,Water,Water,,382,123,33,90,0.2682926829268293
383,Milotic,95.0,60.0,79.0,100,125,81.0,3.0,False,Water,Water,,383,129,80,49,0.6201550387596899
384,Castform,70.0,70.0,70.0,70,70,70.0,3.0,False,Normal,Normal,,384,121,64,57,0.5289256198347108
385,Kecleon,60.0,90.0,70.0,60,120,40.0,3.0,False,Normal,Normal,,385,124,34,90,0.27419354838709675
386,Shuppet,44.0,75.0,35.0,63,33,45.0,3.0,False,Ghost,Ghost,,386,136,36,100,0.2647058823529412
387,Banette,64.0,115.0,65.0,83,63,65.0,3.0,False,Ghost,Ghost,,387,139,74,65,0.5323741007194245
388,Mega Banette,64.0,165.0,75.0,93,83,75.0,3.0,False,Ghost,Ghost,,388,126,83,43,0.6587301587301587
389,Duskull,20.0,40.0,90.0,30,90,25.0,3.0,False,Ghost,Ghost,,389,132,15,117,0.11363636363636363
390,Dusclops,40.0,70.0,130.0,60,130,25.0,3.0,False,Ghost,Ghost,,390,121,21,100,0.17355371900826447
391,Tropius,99.0,68.0,83.0,72,87,51.0,3.0,False,Grass/Flying,Grass,Flying,391,134,56,78,0.417910447761194
392,Chimecho,65.0,50.0,70.0,95,80,65.0,3.0,False,Psychic,Psychic,,392,122,52,70,0.4262295081967213
393,Absol,65.0,130.0,60.0,75,60,75.0,3.0,False,Dark,Dark,,393,129,89,40,0.689922480620155
394,Mega Absol,65.0,150.0,60.0,115,60,115.0,3.0,False,Dark,Dark,,394,139,130,9,0.935251798561151
395,Wynaut,95.0,23.0,48.0,23,48,23.0,3.0,False,Psychic,Psychic,,395,130,6,124,0.046153846153846156
396,Snorunt,50.0,50.0,50.0,50,50,50.0,3.0,False,Ice,Ice,,396,127,39,88,0.30708661417322836
397,Glalie,80.0,80.0,80.0,80,80,80.0,3.0,False,Ice,Ice,,397,133,80,53,0.6015037593984962
398,Mega Glalie,80.0,120.0,80.0,120,80,100.0,3.0,False,Ice,Ice,,398,92,78,14,0.8478260869565217
399,Spheal,70.0,40.0,50.0,55,50,25.0,3.0,False,Ice/Water,Ice,Water,399,131,8,123,0.061068702290076333
400,Sealeo,90.0,60.0,70.0,75,70,45.0,3.0,False,Ice/Water,Ice,Water,400,134,32,102,0.23880597014925373
401,Walrein,110.0,80.0,90.0,95,90,65.0,3.0,False,Ice/Water,Ice,Water,401,149,75,74,0.5033557046979866
402,Clamperl,35.0,64.0,85.0,74,55,32.0,3.0,False,Water,Water,,402,116,23,93,0.19827586206896552
403,Huntail,55.0,104.0,105.0,94,75,52.0,3.0,False,Water,Water,,403,132,48,84,0.36363636363636365
404,Gorebyss,55.0,84.0,105.0,114,75,52.0,3.0,False,Water,Water,,404,128,37,91,0.2890625
405,Relicanth,100.0,90.0,130.0,45,65,55.0,3.0,False,Water/Rock,Water,Rock,405,134,57,77,0.4253731343283582
406,Luvdisc,43.0,30.0,55.0,40,65,97.0,3.0,False,Water,Water,,406,131,79,52,0.6030534351145038
407,Bagon,45.0,75.0,60.0,40,30,50.0,3.0,False,Dragon,Dragon,,407,125,38,87,0.304
408,Shelgon,65.0,95.0,100.0,60,50,50.0,3.0,False,Dragon,Dragon,,408,123,43,80,0.34959349593495936
409,Salamence,95.0,135.0,80.0,110,80,100.0,3.0,False,Dragon/Flying,Dragon,Flying,409,137,113,24,0.8248175182481752
410,Mega Salamence,95.0,145.0,130.0,120,90,120.0,3.0,False,Dragon/Flying,Dragon,Flying,410,133,125,8,0.9398496240601504
411,Beldum,40.0,55.0,80.0,35,60,30.0,3.0,False,Steel/Psychic,Steel,Psychic,411,133,20,113,0.15037593984962405
412,Metang,60.0,75.0,100.0,55,80,50.0,3.0,False,Steel/Psychic,Steel,Psychic,412,136,42,94,0.3088235294117647
413,Metagross,80.0,135.0,130.0,95,90,70.0,3.0,False,Steel/Psychic,Steel,Psychic,413,110,57,53,0.5181818181818182
414,Mega Metagross,80.0,145.0,150.0,105,110,110.0,3.0,False,Steel/Psychic,Steel,Psychic,414,130,113,17,0.8692307692307693
415,Regirock,80.0,100.0,200.0,50,100,50.0,3.0,True,Rock,Rock,,415,144,50,94,0.3472222222222222
416,Regice,80.0,50.0,100.0,100,200,50.0,3.0,True,Ice,Ice,,416,140,33,107,0.2357142857142857
417,Registeel,80.0,75.0,150.0,75,150,50.0,3.0,True,Steel,Steel,,417,113,35,78,0.30973451327433627
418,Latias,80.0,80.0,90.0,110,130,110.0,3.0,True,Dragon/Psychic,Dragon,Psychic,418,133,116,17,0.8721804511278195
419,Mega Latias,80.0,100.0,120.0,140,150,110.0,3.0,True,Dragon/Psychic,Dragon,Psychic,,0,0,0,0.0
420,Latios,80.0,90.0,80.0,130,110,110.0,3.0,True,Dragon/Psychic,Dragon,Psychic,420,125,107,18,0.856
421,Mega Latios,80.0,130.0,100.0,160,120,110.0,3.0,True,Dragon/Psychic,Dragon,Psychic,421,108,97,11,0.8981481481481481
422,Kyogre,100.0,100.0,90.0,150,140,90.0,3.0,True,Water,Water,,422,128,92,36,0.71875
423,Primal Kyogre,100.0,150.0,90.0,180,160,90.0,3.0,True,Water,Water,,423,132,97,35,0.7348484848484849
424,Groudon,100.0,150.0,140.0,100,90,90.0,3.0,True,Ground,Ground,,424,133,106,27,0.7969924812030075
425,Primal Groudon,100.0,180.0,160.0,150,90,90.0,3.0,True,Ground/Fire,Ground,Fire,425,121,91,30,0.7520661157024794
426,Rayquaza,105.0,150.0,90.0,150,90,95.0,3.0,True,Dragon/Flying,Dragon,Flying,426,140,116,24,0.8285714285714286
427,Mega Rayquaza,105.0,180.0,100.0,180,100,115.0,3.0,True,Dragon/Flying,Dragon,Flying,427,134,127,7,0.9477611940298507
428,Jirachi,100.0,100.0,100.0,100,100,100.0,3.0,True,Steel/Psychic,Steel,Psychic,428,153,134,19,0.8758169934640523
429,Deoxys Normal Forme,50.0,150.0,50.0,150,50,150.0,3.0,True,Psychic,Psychic,,429,106,99,7,0.9339622641509434
430,DeoxysAttack Forme,50.0,180.0,20.0,180,20,150.0,3.0,True,Psychic,Psychic,,430,134,121,13,0.9029850746268657
431,Deoxys Defense Forme,50.0,70.0,160.0,70,160,90.0,3.0,True,Psychic,Psychic,,431,151,112,39,0.7417218543046358
432,Deoxys Speed Forme,50.0,95.0,90.0,95,90,180.0,3.0,True,Psychic,Psychic,,432,145,133,12,0.9172413793103448
433,Turtwig,55.0,68.0,64.0,45,55,31.0,4.0,False,Grass,Grass,,433,120,14,106,0.11666666666666667
434,  Grotle  ,75.0,89.0,85.0,55,65,36.0,4.0,False,Grass,Grass,,434,132,39,93,0.29545454545454547
435,Torterra,95.0,109.0,105.0,75,85,56.0,4.0,False,Grass/Ground,Grass,Ground,435,113,39,74,0.34513274336283184
436,Chimchar,44.0,58.0,44.0,58,44,61.0,4.0,False,Fire,Fire,,436,112,47,65,0.41964285714285715
437,Monferno,64.0,78.0,52.0,78,52,81.0,4.0,False,Fire/Fighting,Fire,Fighting,437,123,79,44,0.6422764227642277
438,Infernape,76.0,104.0,71.0,104,71,108.0,4.0,False,Fire/Fighting,Fire,Fighting,438,149,136,13,0.912751677852349
439,Piplup,53.0,51.0,53.0,61,56,40.0,4.0,False,Water,Water,,439,140,20,120,0.14285714285714285
440,Prinplup,64.0,66.0,68.0,81,76,50.0,4.0,False,Water,Water,,440,131,33,98,0.25190839694656486
441,Empoleon,84.0,86.0,88.0,111,101,60.0,4.0,False,Water/Steel,Water,Steel,441,123,57,66,0.4634146341463415
442,Starly,40.0,55.0,30.0,30,30,60.0,4.0,False,Normal/Flying,Normal,Flying,442,124,54,70,0.43548387096774194
443,Staravia,55.0,75.0,50.0,40,40,80.0,4.0,False,Normal/Flying,Normal,Flying,443,119,75,44,0.6302521008403361
444,Staraptor,85.0,120.0,70.0,50,60,100.0,4.0,False,Normal/Flying,Normal,Flying,444,136,113,23,0.8308823529411765
445,Bidoof,59.0,45.0,40.0,35,40,31.0,4.0,False,Normal,Normal,,445,133,19,114,0.14285714285714285
446,Bibarel,79.0,85.0,60.0,55,60,71.0,4.0,False,Normal/Water,Normal,Water,446,139,84,55,0.60431654676259
447,Kricketot,37.0,25.0,41.0,25,41,25.0,4.0,False,Bug,Bug,,447,124,11,113,0.08870967741935484
448,Kricketune,77.0,85.0,51.0,55,51,65.0,4.0,False,Bug,Bug,,448,122,63,59,0.5163934426229508
449,Shinx,45.0,65.0,34.0,40,34,45.0,4.0,False,Electric,Electric,,449,139,36,103,0.2589928057553957
450,Luxio,60.0,85.0,49.0,60,49,60.0,4.0,False,Electric,Electric,,450,126,56,70,0.4444444444444444
451,Luxray,80.0,120.0,79.0,95,79,70.0,4.0,False,Electric,Electric,,451,132,77,55,0.5833333333333334
452,Budew,40.0,30.0,35.0,50,70,55.0,4.0,False,Grass/Poison,Grass,Poison,452,117,33,84,0.28205128205128205
453,Roserade,60.0,70.0,65.0,125,105,90.0,4.0,False,Grass/Poison,Grass,Poison,453,136,94,42,0.6911764705882353
454,Cranidos,67.0,125.0,40.0,30,30,58.0,4.0,False,Rock,Rock,,454,102,35,67,0.3431372549019608
455,Rampardos,97.0,165.0,60.0,65,50,58.0,4.0,False,Rock,Rock,,455,123,48,75,0.3902439024390244
456,Shieldon,30.0,42.0,118.0,42,88,30.0,4.0,False,Rock/Steel,Rock,Steel,456,125,14,111,0.112
457,Bastiodon,60.0,52.0,168.0,47,138,30.0,4.0,False,Rock/Steel,Rock,Steel,457,121,24,97,0.19834710743801653
458,Burmy,40.0,29.0,45.0,29,45,36.0,4.0,False,Bug,Bug,,458,123,18,105,0.14634146341463414
459,Wormadam Plant Cloak,60.0,59.0,85.0,79,105,36.0,4.0,False,Bug/Grass,Bug,Grass,459,126,21,105,0.16666666666666666
460,Wormadam Sandy Cloak,60.0,79.0,105.0,59,85,36.0,4.0,False,Bug/Ground,Bug,Ground,460,129,22,107,0.17054263565891473
461,Wormadam Trash Cloak,60.0,69.0,95.0,69,95,36.0,4.0,False,Bug/Steel,Bug,Steel,461,138,36,102,0.2608695652173913
462,Mothim,70.0,94.0,50.0,94,50,66.0,4.0,False,Bug/Flying,Bug,Flying,462,135,65,70,0.48148148148148145
463,Combee,30.0,30.0,42.0,30,42,70.0,4.0,False,Bug/Flying,Bug,Flying,463,130,55,75,0.4230769230769231
464,Vespiquen,70.0,80.0,102.0,80,102,40.0,4.0,False,Bug/Flying,Bug,Flying,464,127,34,93,0.2677165354330709
465,Pachirisu,60.0,45.0,70.0,45,90,95.0,4.0,False,Electric,Electric,,465,141,103,38,0.7304964539007093
466,Buizel,55.0,65.0,35.0,60,30,85.0,4.0,False,Water,Water,,466,111,68,43,0.6126126126126126
467,Floatzel,85.0,105.0,55.0,85,50,115.0,4.0,False,Water,Water,,467,124,112,12,0.9032258064516129
468,Cherubi,45.0,35.0,45.0,62,53,35.0,4.0,False,Grass,Grass,,468,135,16,119,0.11851851851851852
469,Cherrim,70.0,60.0,70.0,87,78,85.0,4.0,False,Grass,Grass,,469,114,71,43,0.6228070175438597
470,Shellos,76.0,48.0,48.0,57,62,34.0,4.0,False,Water,Water,,470,154,18,136,0.11688311688311688
471,Gastrodon,111.0,83.0,68.0,92,82,39.0,4.0,False,Water/Ground,Water,Ground,471,124,22,102,0.1774193548387097
472,Ambipom,75.0,100.0,66.0,60,66,115.0,4.0,False,Normal,Normal,,472,111,102,9,0.918918918918919
473,Drifloon,90.0,50.0,34.0,60,44,70.0,4.0,False,Ghost/Flying,Ghost,Flying,473,113,71,42,0.6283185840707964
474,Drifblim,150.0,80.0,44.0,90,54,80.0,4.0,False,Ghost/Flying,Ghost,Flying,474,128,80,48,0.625
475,Buneary,55.0,66.0,44.0,44,56,85.0,4.0,False,Normal,Normal,,475,135,93,42,0.6888888888888889
476,Lopunny,65.0,76.0,84.0,54,96,105.0,4.0,False,Normal,Normal,,476,121,109,12,0.9008264462809917
477,Mega Lopunny,65.0,136.0,94.0,54,96,135.0,4.0,False,Normal/Fighting,Normal,Fighting,477,129,124,5,0.9612403100775194
478,Mismagius,60.0,60.0,60.0,105,105,105.0,4.0,False,Ghost,Ghost,,478,125,106,19,0.848
479,Honchkrow,100.0,125.0,52.0,105,52,71.0,4.0,False,Dark/Flying,Dark,Flying,,0,0,0,0.0
480,Glameow,49.0,55.0,42.0,42,37,85.0,4.0,False,Normal,Normal,,480,117,71,46,0.6068376068376068
481,Purugly,71.0,82.0,64.0,64,59,112.0,4.0,False,Normal,Normal,,481,119,111,8,0.9327731092436975
482,Chingling,45.0,30.0,50.0,65,50,45.0,4.0,False,Psychic,Psychic,,482,123,17,106,0.13821138211382114
483,Stunky,63.0,63.0,47.0,41,41,74.0,4.0,False,Poison/Dark,Poison,Dark,483,125,70,55,0.56
484,Skuntank,103.0,93.0,67.0,71,61,84.0,4.0,False,Poison/Dark,Poison,Dark,484,119,85,34,0.7142857142857143
485,Bronzor,57.0,24.0,86.0,24,86,23.0,4.0,False,Steel/Psychic,Steel,Psychic,485,110,14,96,0.12727272727272726
486,Bronzong,67.0,89.0,116.0,79,116,33.0,4.0,False,Steel/Psychic,Steel,Psychic,486,141,37,104,0.2624113475177305
487,Bonsly,50.0,80.0,95.0,10,45,10.0,4.0,False,Rock,Rock,,487,125,29,96,0.232
488,Mime Jr.,20.0,25.0,45.0,70,90,60.0,4.0,False,Psychic/Fairy,Psychic,Fairy,488,120,37,83,0.30833333333333335
489,Happiny,100.0,5.0,5.0,15,65,30.0,4.0,False,Normal,Normal,,489,104,8,96,0.07692307692307693
490,Chatot,76.0,65.0,45.0,92,42,91.0,4.0,False,Normal/Flying,Normal,Flying,490,149,111,38,0.7449664429530202
491,Spiritomb,50.0,92.0,108.0,92,108,35.0,4.0,False,Ghost/Dark,Ghost,Dark,491,118,29,89,0.2457627118644068
492,Gible,58.0,70.0,45.0,40,45,42.0,4.0,False,Dragon/Ground,Dragon,Ground,492,135,35,100,0.25925925925925924
493,Gabite,68.0,90.0,65.0,50,55,82.0,4.0,False,Dragon/Ground,Dragon,Ground,493,133,82,51,0.6165413533834586
494,Garchomp,108.0,130.0,95.0,80,85,102.0,4.0,False,Dragon/Ground,Dragon,Ground,494,127,97,30,0.7637795275590551
495,Mega Garchomp,108.0,170.0,115.0,120,95,92.0,4.0,False,Dragon/Ground,Dragon,Ground,495,120,85,35,0.7083333333333334
496,Munchlax,135.0,85.0,40.0,40,85,5.0,4.0,False,Normal,Normal,,496,118,81,37,0.6864406779661016
497,Riolu,40.0,70.0,40.0,35,40,60.0,4.0,False,Fighting,Fighting,,497,125,49,76,0.392
498,Lucario,70.0,110.0,70.0,115,70,90.0,4.0,False,Fighting/Steel,Fighting,Steel,498,120,90,30,0.75
499,Mega Lucario,70.0,145.0,88.0,140,70,112.0,4.0,False,Fighting/Steel,Fighting,Steel,499,108,96,12,0.8888888888888888
500,Hippopotas,68.0,72.0,78.0,38,42,32.0,4.0,False,Ground,Ground,,500,126,30,96,0.23809523809523808
501,Hippowdon,108.0,112.0,118.0,68,72,47.0,4.0,False,Ground,Ground,,501,120,35,85,0.2916666666666667
502,Skorupi,40.0,50.0,90.0,30,55,65.0,4.0,False,Poison/Bug,Poison,Bug,502,141,63,78,0.44680851063829785
503,Drapion,70.0,90.0,110.0,60,75,95.0,4.0,False,Poison/Dark,Poison,Dark,503,120,88,32,0.7333333333333333
504,Croagunk,48.0,61.0,40.0,61,40,50.0,4.0,False,Poison/Fighting,Poison,Fighting,504,114,29,85,0.2543859649122807
505,Toxicroak,83.0,106.0,65.0,86,65,85.0,4.0,False,Poison/Fighting,Poison,Fighting,505,128,85,43,0.6640625
506,Carnivine,74.0,100.0,72.0,90,72,46.0,4.0,False,Grass,Grass,,506,114,28,86,0.24561403508771928
507,Finneon,49.0,49.0,56.0,49,61,66.0,4.0,False,Water,Water,,507,131,68,63,0.5190839694656488
508,Lumineon,69.0,69.0,76.0,69,86,91.0,4.0,False,Water,Water,,508,119,78,41,0.6554621848739496
509,Mantyke,45.0,20.0,50.0,60,120,50.0,4.0,False,Water/Flying,Water,Flying,509,108,26,82,0.24074074074074073
510,Snover,60.0,62.0,50.0,62,60,40.0,4.0,False,Grass/Ice,Grass,Ice,510,121,22,99,0.18181818181818182
511,Abomasnow,90.0,92.0,75.0,92,85,60.0,4.0,False,Grass/Ice,Grass,Ice,511,121,60,61,0.49586776859504134
512,Mega Abomasnow,90.0,132.0,105.0,132,105,30.0,4.0,False,Grass/Ice,Grass,Ice,512,146,62,84,0.4246575342465753
513,Weavile,70.0,120.0,65.0,45,85,125.0,4.0,False,Dark/Ice,Dark,Ice,513,119,116,3,0.9747899159663865
514,Magnezone,70.0,70.0,115.0,130,90,60.0,4.0,False,Electric/Steel,Electric,Steel,514,118,63,55,0.5338983050847458
515,Lickilicky,110.0,85.0,95.0,80,95,50.0,4.0,False,Normal,Normal,,515,129,35,94,0.2713178294573643
516,Rhyperior,115.0,140.0,130.0,55,55,40.0,4.0,False,Ground/Rock,Ground,Rock,516,104,47,57,0.4519230769230769
517,Tangrowth,100.0,100.0,125.0,110,50,50.0,4.0,False,Grass,Grass,,517,125,48,77,0.384
518,Electivire,75.0,123.0,67.0,95,85,95.0,4.0,False,Electric,Electric,,518,123,94,29,0.7642276422764228
519,Magmortar,75.0,95.0,67.0,125,95,83.0,4.0,,Fire,Fire,,519,111,79,32,0.7117117117117117
520,Togekiss,85.0,50.0,95.0,120,115,80.0,4.0,False,Fairy/Flying,Fairy,Flying,520,126,73,53,0.5793650793650794
521,Yanmega,86.0,76.0,86.0,116,56,95.0,4.0,False,Bug/Flying,Bug,Flying,521,114,91,23,0.7982456140350878
522,Leafeon,65.0,110.0,130.0,60,65,95.0,4.0,False,Grass,Grass,,522,151,125,26,0.8278145695364238
523,Glaceon,65.0,60.0,110.0,130,95,65.0,4.0,False,Ice,Ice,,523,134,64,70,0.47761194029850745
524,Gliscor,75.0,95.0,125.0,45,75,95.0,4.0,False,Ground/Flying,Ground,Flying,524,132,109,23,0.8257575757575758
525,Mamoswine,110.0,130.0,80.0,70,60,80.0,4.0,False,Ice/Ground,Ice,Ground,525,116,68,48,0.5862068965517241
526,Porygon-Z,85.0,80.0,70.0,135,75,90.0,4.0,False,Normal,Normal,,526,147,103,44,0.7006802721088435
527,Gallade,68.0,125.0,65.0,65,115,80.0,4.0,False,Psychic/Fighting,Psychic,Fighting,527,137,86,51,0.6277372262773723
528,Mega Gallade,68.0,165.0,95.0,65,115,110.0,4.0,False,Psychic/Fighting,Psychic,Fighting,528,130,112,18,0.8615384615384616
529,Probopass,60.0,55.0,145.0,75,150,40.0,4.0,False,Rock/Steel,Rock,Steel,529,130,26,104,0.2
530,Dusknoir,45.0,100.0,135.0,65,135,45.0,4.0,False,Ghost,Ghost,,530,136,40,96,0.29411764705882354
531,Froslass,70.0,80.0,70.0,80,70,110.0,4.0,False,Ice/Ghost,Ice,Ghost,531,138,91,47,0.6594202898550725
532,Rotom,50.0,50.0,77.0,95,77,91.0,4.0,False,Electric/Ghost,Electric,Ghost,532,120,71,49,0.5916666666666667
533,Heat Rotom,50.0,65.0,107.0,105,107,86.0,4.0,False,Electric/Fire,Electric,Fire,533,113,79,34,0.6991150442477876
534,Wash Rotom,50.0,65.0,107.0,105,107,86.0,4.0,False,Electric/Water,Electric,Water,534,116,90,26,0.7758620689655172
535,Frost Rotom,50.0,65.0,107.0,105,107,86.0,4.0,False,Electric/Ice,Electric,Ice,535,128,90,38,0.703125
536,Fan Rotom,50.0,65.0,107.0,105,107,86.0,4.0,False,Electric/Flying,Electric,Flying,536,121,88,33,0.7272727272727273
537,Mow Rotom,50.0,65.0,107.0,105,107,86.0,4.0,False,Electric/Grass,Electric,Grass,537,134,98,36,0.7313432835820896
538,Uxie,75.0,75.0,130.0,75,130,95.0,4.0,True,Psychic,Psychic,,538,123,92,31,0.7479674796747967
539,Mesprit,80.0,105.0,105.0,105,105,80.0,4.0,True,Psychic,Psychic,,539,133,79,54,0.5939849624060151
540,Azelf,75.0,125.0,70.0,125,70,115.0,4.0,True,Psychic,Psychic,,540,135,122,13,0.9037037037037037
541,Dialga,100.0,120.0,120.0,150,100,90.0,4.0,True,Steel/Dragon,Steel,Dragon,541,151,119,32,0.7880794701986755
542,Palkia,90.0,120.0,100.0,150,120,100.0,4.0,True,Water/Dragon,Water,Dragon,542,149,115,34,0.7718120805369127
543,Heatran,91.0,90.0,106.0,130,106,77.0,4.0,True,Fire/Steel,Fire,Steel,543,131,85,46,0.648854961832061
544,Regigigas,110.0,160.0,110.0,80,110,100.0,4.0,True,Normal,Normal,,544,142,122,20,0.8591549295774648
545,Giratina Altered Forme,150.0,100.0,120.0,100,120,90.0,4.0,True,Ghost/Dragon,Ghost,Dragon,545,111,74,37,0.6666666666666666
546,Giratina Origin Forme,150.0,120.0,100.0,120,100,90.0,4.0,True,Ghost/Dragon,Ghost,Dragon,546,134,89,45,0.664179104477612
547,Cresselia,120.0,70.0,120.0,75,130,85.0,4.0,False,Psychic,Psychic,,547,118,79,39,0.6694915254237288
548,Phione,80.0,80.0,80.0,80,80,80.0,4.0,False,Water,Water,,548,132,74,58,0.5606060606060606
549,Manaphy,100.0,100.0,100.0,100,100,100.0,4.0,False,Water,Water,,549,134,118,16,0.8805970149253731
550,Darkrai,70.0,90.0,90.0,135,90,125.0,4.0,True,Dark,Dark,,550,117,110,7,0.9401709401709402
551,Shaymin Land Forme,100.0,100.0,100.0,100,100,100.0,4.0,True,Grass,Grass,,551,136,117,19,0.8602941176470589
552,Shaymin Sky Forme,100.0,103.0,75.0,120,75,127.0,4.0,True,Grass/Flying,Grass,Flying,552,118,111,7,0.940677966101695
553,Arceus,120.0,120.0,120.0,120,120,120.0,4.0,True,Normal,Normal,,553,122,114,8,0.9344262295081968
554,Victini,100.0,100.0,100.0,100,100,100.0,5.0,True,Psychic/Fire,Psychic,Fire,554,131,115,16,0.8778625954198473
555,Snivy,45.0,45.0,55.0,45,55,63.0,5.0,False,Grass,Grass,,555,111,51,60,0.4594594594594595
556,Servine,60.0,60.0,75.0,60,75,83.0,5.0,False,Grass,Grass,,,0,0,0,0.0
557,Serperior,75.0,75.0,95.0,75,95,113.0,5.0,False,Grass,Grass,,557,132,119,13,0.9015151515151515
558,Tepig,65.0,63.0,45.0,45,45,45.0,5.0,False,Fire,Fire,,558,131,34,97,0.2595419847328244
559,Pignite,90.0,93.0,55.0,70,55,55.0,5.0,False,Fire/Fighting,Fire,Fighting,559,144,55,89,0.3819444444444444
560,Emboar,110.0,123.0,65.0,100,65,65.0,5.0,False,Fire/Fighting,Fire,Fighting,560,138,72,66,0.5217391304347826
561,Oshawott,55.0,55.0,45.0,63,45,45.0,5.0,False,Water,Water,,561,124,31,93,0.25
562,Dewott,75.0,75.0,60.0,83,60,60.0,5.0,False,Water,Water,,562,122,48,74,0.39344262295081966
563,Samurott,95.0,100.0,85.0,108,70,70.0,5.0,False,Water,Water,,563,115,65,50,0.5652173913043478
564,Patrat,45.0,55.0,39.0,35,39,42.0,5.0,False,Normal,Normal,,564,135,25,110,0.18518518518518517
565,Watchog,60.0,85.0,69.0,60,69,77.0,5.0,False,Normal,Normal,,565,133,69,64,0.518796992481203
566,Lillipup,45.0,60.0,45.0,25,45,55.0,5.0,False,Normal,Normal,,566,100,29,71,0.29
567,Herdier,65.0,80.0,65.0,35,65,60.0,5.0,False,Normal,Normal,,567,138,53,85,0.38405797101449274
568,Stoutland,85.0,110.0,90.0,45,90,80.0,5.0,False,Normal,Normal,,568,116,72,44,0.6206896551724138
569,Purrloin,41.0,50.0,37.0,50,37,66.0,5.0,False,Dark,Dark,,569,114,59,55,0.5175438596491229
570,Liepard,64.0,88.0,50.0,88,50,106.0,5.0,False,Dark,Dark,,570,135,123,12,0.9111111111111111
571,Pansage,50.0,53.0,48.0,53,48,64.0,5.0,False,Grass,Grass,,571,130,53,77,0.4076923076923077
572,Simisage,75.0,98.0,63.0,98,63,101.0,5.0,False,Grass,Grass,,572,131,106,25,0.8091603053435115
573,Pansear,50.0,53.0,48.0,53,48,64.0,5.0,False,Fire,Fire,,573,130,60,70,0.46153846153846156
574,Simisear,75.0,98.0,63.0,98,63,101.0,5.0,False,Fire,Fire,,574,127,113,14,0.889763779527559
575,Panpour,50.0,53.0,48.0,53,48,64.0,5.0,False,Water,Water,,575,117,42,75,0.358974358974359
576,Simipour,75.0,98.0,63.0,98,63,101.0,5.0,False,Water,Water,,576,133,113,20,0.849624060150376
577,Munna,76.0,25.0,45.0,67,55,24.0,5.0,False,Psychic,Psychic,,577,128,5,123,0.0390625
578,Musharna,116.0,55.0,85.0,107,95,29.0,5.0,False,Psychic,Psychic,,578,132,9,123,0.06818181818181818
579,Pidove,50.0,55.0,50.0,36,30,43.0,5.0,False,Normal/Flying,Normal,Flying,579,154,45,109,0.2922077922077922
580,Tranquill,62.0,77.0,62.0,50,42,65.0,5.0,False,Normal/Flying,Normal,Flying,580,124,60,64,0.4838709677419355
581,Unfezant,80.0,115.0,80.0,65,55,93.0,5.0,False,Normal/Flying,Normal,Flying,581,130,102,28,0.7846153846153846
582,Blitzle,45.0,60.0,32.0,50,32,76.0,5.0,False,Electric,Electric,,582,135,80,55,0.5925925925925926
583,Zebstrika,75.0,100.0,63.0,80,63,116.0,5.0,False,Electric,Electric,,583,107,100,7,0.9345794392523364
584,Roggenrola,55.0,75.0,85.0,25,25,15.0,5.0,False,Rock,Rock,,584,144,27,117,0.1875
585,Boldore,70.0,105.0,105.0,50,40,20.0,5.0,False,Rock,Rock,,585,131,44,87,0.33587786259541985
586,Gigalith,85.0,135.0,130.0,60,80,25.0,5.0,False,Rock,Rock,,586,148,60,88,0.40540540540540543
587,Woobat,55.0,45.0,43.0,55,43,72.0,5.0,False,Psychic/Flying,Psychic,Flying,587,123,72,51,0.5853658536585366
588,Swoobat,67.0,57.0,55.0,77,55,114.0,5.0,False,Psychic/Flying,Psychic,Flying,588,116,103,13,0.8879310344827587
589,Drilbur,60.0,85.0,40.0,30,45,68.0,5.0,False,Ground,Ground,,589,109,70,39,0.6422018348623854
590,Excadrill,110.0,135.0,60.0,50,65,88.0,5.0,False,Ground/Steel,Ground,Steel,590,133,103,30,0.7744360902255639
591,Audino,103.0,60.0,86.0,60,86,50.0,5.0,False,Normal,Normal,,591,133,46,87,0.3458646616541353
592,Mega Audino,103.0,60.0,126.0,80,126,50.0,5.0,False,Normal/Fairy,Normal,Fairy,592,132,48,84,0.36363636363636365
593,Timburr,75.0,80.0,55.0,25,35,35.0,5.0,False,Fighting,Fighting,,593,150,28,122,0.18666666666666668
594,Gurdurr,85.0,105.0,85.0,40,50,40.0,5.0,False,Fighting,Fighting,,594,118,25,93,0.211864406779661
595,Conkeldurr,105.0,140.0,95.0,55,65,45.0,5.0,False,Fighting,Fighting,,595,130,39,91,0.3
596,Tympole,50.0,50.0,40.0,50,40,64.0,5.0,False,Water,Water,,596,136,62,74,0.45588235294117646
597,Palpitoad,75.0,65.0,55.0,65,55,69.0,5.0,False,Water/Ground,Water,Ground,597,124,54,70,0.43548387096774194
598,Seismitoad,105.0,95.0,75.0,85,75,74.0,5.0,False,Water/Ground,Water,Ground,598,119,68,51,0.5714285714285714
599,Throh,120.0,100.0,85.0,30,85,45.0,5.0,False,Fighting,Fighting,,599,147,33,114,0.22448979591836735
600,Sawk,75.0,125.0,75.0,30,75,85.0,5.0,False,Fighting,Fighting,,600,136,85,51,0.625
601,Sewaddle,45.0,53.0,70.0,40,60,42.0,5.0,False,Bug/Grass,Bug,Grass,601,136,35,101,0.25735294117647056
602,Swadloon,55.0,63.0,90.0,50,80,42.0,5.0,False,Bug/Grass,Bug,Grass,602,123,26,97,0.21138211382113822
603,Leavanny,75.0,103.0,80.0,70,80,92.0,5.0,False,Bug/Grass,Bug,Grass,603,121,96,25,0.7933884297520661
604,Venipede,30.0,45.0,59.0,30,39,57.0,5.0,False,Bug/Poison,Bug,Poison,604,132,37,95,0.2803030303030303
605,Whirlipede,40.0,55.0,99.0,40,79,47.0,5.0,False,Bug/Poison,Bug,Poison,605,99,26,73,0.26262626262626265
606,  Scolipede  ,60.0,100.0,89.0,55,69,112.0,5.0,False,Bug/Poison,Bug,Poison,606,114,106,8,0.9298245614035088
607,Cottonee,40.0,27.0,60.0,37,50,66.0,5.0,False,Grass/Fairy,Grass,Fairy,607,127,46,81,0.36220472440944884
608,Whimsicott,60.0,67.0,85.0,77,75,116.0,5.0,False,Grass/Fairy,Grass,Fairy,608,117,104,13,0.8888888888888888
609,Petilil,45.0,35.0,50.0,70,50,30.0,5.0,False,Grass,Grass,,609,146,23,123,0.15753424657534246
610,Lilligant,70.0,60.0,75.0,110,75,90.0,5.0,False,Grass,Grass,,610,127,91,36,0.7165354330708661
611,Basculin,70.0,92.0,65.0,80,55,98.0,5.0,False,Water,Water,,611,110,89,21,0.8090909090909091
612,Sandile,50.0,72.0,35.0,35,35,65.0,5.0,False,Ground/Dark,Ground,Dark,612,134,72,62,0.5373134328358209
613,Krokorok,60.0,82.0,45.0,45,45,74.0,5.0,False,Ground/Dark,Ground,Dark,613,113,65,48,0.5752212389380531
614,Krookodile,95.0,117.0,80.0,65,70,92.0,5.0,False,Ground/Dark,Ground,Dark,614,132,111,21,0.8409090909090909
615,Darumaka,70.0,90.0,45.0,15,45,50.0,5.0,False,Fire,Fire,,615,124,45,79,0.3629032258064516
616,Darmanitan Standard Mode,105.0,140.0,55.0,30,55,95.0,5.0,False,Fire,Fire,,616,133,109,24,0.8195488721804511
617,Darmanitan Zen Mode,105.0,30.0,105.0,140,105,55.0,5.0,False,Fire/Psychic,Fire,Psychic,617,122,43,79,0.3524590163934426
618,Maractus,75.0,86.0,67.0,106,67,60.0,5.0,,Grass,Grass,,,0,0,0,0.0
619,Dwebble,50.0,65.0,85.0,35,35,55.0,5.0,False,Bug/Rock,Bug,Rock,619,132,43,89,0.32575757575757575
620,Crustle,70.0,95.0,125.0,65,75,45.0,5.0,False,Bug/Rock,Bug,Rock,620,119,40,79,0.33613445378151263
621,Scraggy,50.0,75.0,70.0,35,70,48.0,5.0,False,Dark/Fighting,Dark,Fighting,621,109,32,77,0.29357798165137616
622,Scrafty,65.0,90.0,115.0,45,115,58.0,5.0,False,Dark/Fighting,Dark,Fighting,622,121,61,60,0.5041322314049587
623,Sigilyph,72.0,58.0,80.0,103,80,97.0,5.0,False,Psychic/Flying,Psychic,Flying,623,152,109,43,0.7171052631578947
624,Yamask,38.0,30.0,85.0,55,65,30.0,5.0,False,Ghost,Ghost,,624,126,27,99,0.21428571428571427
625,Cofagrigus,58.0,50.0,145.0,95,105,30.0,5.0,False,Ghost,Ghost,,625,122,30,92,0.2459016393442623
626,Tirtouga,54.0,78.0,103.0,53,45,22.0,5.0,False,Water/Rock,Water,Rock,626,129,30,99,0.23255813953488372
627,Carracosta,74.0,108.0,133.0,83,65,32.0,5.0,False,Water/Rock,Water,Rock,627,140,45,95,0.32142857142857145
628,Archen,55.0,112.0,45.0,74,45,70.0,5.0,False,Rock/Flying,Rock,Flying,628,118,66,52,0.559322033898305
629,Archeops,75.0,140.0,65.0,112,65,110.0,5.0,False,Rock/Flying,Rock,Flying,629,128,117,11,0.9140625
630,Trubbish,50.0,50.0,62.0,40,62,65.0,5.0,False,Poison,Poison,,630,117,49,68,0.4188034188034188
631,Garbodor,80.0,95.0,82.0,60,82,75.0,5.0,False,Poison,Poison,,631,145,87,58,0.6
632,Zorua,40.0,65.0,40.0,80,40,65.0,5.0,False,Dark,Dark,,632,131,66,65,0.5038167938931297
633,Zoroark,60.0,105.0,60.0,120,60,105.0,5.0,False,Dark,Dark,,633,113,100,13,0.8849557522123894
634,Minccino,55.0,50.0,40.0,40,40,75.0,5.0,False,Normal,Normal,,634,148,88,60,0.5945945945945946
635,Cinccino,75.0,95.0,60.0,65,60,115.0,5.0,False,Normal,Normal,,635,131,115,16,0.8778625954198473
636,Gothita,45.0,30.0,50.0,55,65,45.0,5.0,False,Psychic,Psychic,,636,125,26,99,0.208
637,Gothorita,60.0,45.0,70.0,75,85,55.0,5.0,False,Psychic,Psychic,,637,123,37,86,0.3008130081300813
638,Gothitelle,70.0,55.0,95.0,95,110,65.0,5.0,False,Psychic,Psychic,,638,133,65,68,0.48872180451127817
639,Solosis,45.0,30.0,40.0,105,50,20.0,5.0,False,Psychic,Psychic,,639,129,4,125,0.031007751937984496
640,Duosion,65.0,40.0,50.0,125,60,30.0,5.0,False,Psychic,Psychic,,640,124,9,115,0.07258064516129033
641,Reuniclus,110.0,65.0,75.0,125,85,30.0,5.0,False,Psychic,Psychic,,641,120,18,102,0.15
642,Ducklett,62.0,44.0,50.0,44,50,55.0,5.0,False,Water/Flying,Water,Flying,642,124,45,79,0.3629032258064516
643,Swanna,75.0,87.0,63.0,87,63,98.0,5.0,False,Water/Flying,Water,Flying,643,119,103,16,0.865546218487395
644,Vanillite,36.0,50.0,50.0,65,60,44.0,5.0,False,Ice,Ice,,644,110,18,92,0.16363636363636364
645,Vanillish,51.0,65.0,65.0,80,75,59.0,5.0,False,Ice,Ice,,645,126,55,71,0.4365079365079365
646,Vanilluxe,71.0,95.0,85.0,110,95,79.0,5.0,False,Ice,Ice,,646,125,83,42,0.664
647,Deerling,60.0,60.0,50.0,40,50,75.0,5.0,False,Normal/Grass,Normal,Grass,647,119,70,49,0.5882352941176471
648,Sawsbuck,80.0,100.0,70.0,60,70,95.0,5.0,False,Normal/Grass,Normal,Grass,648,120,89,31,0.7416666666666667
649,Emolga,55.0,75.0,60.0,75,60,103.0,5.0,False,Electric/Flying,Electric,Flying,649,114,91,23,0.7982456140350878
650,Karrablast,50.0,75.0,45.0,40,45,60.0,5.0,False,Bug,Bug,,650,121,53,68,0.4380165289256198
651,Escavalier,70.0,135.0,105.0,60,105,20.0,5.0,False,Bug/Steel,Bug,Steel,651,124,72,52,0.5806451612903226
652,Foongus,69.0,55.0,45.0,55,55,15.0,5.0,False,Grass/Poison,Grass,Poison,652,120,14,106,0.11666666666666667
653,Amoonguss,114.0,85.0,70.0,85,80,30.0,5.0,False,Grass/Poison,Grass,Poison,653,121,25,96,0.2066115702479339
654,Frillish,55.0,40.0,50.0,65,85,40.0,5.0,False,Water/Ghost,Water,Ghost,654,132,42,90,0.3181818181818182
655,Jellicent,100.0,60.0,70.0,85,105,60.0,5.0,False,Water/Ghost,Water,Ghost,,0,0,0,0.0
656,Alomomola,165.0,75.0,80.0,40,45,65.0,5.0,False,"Water, Fairy","Water, Fairy",,656,132,68,64,0.5151515151515151
657,Joltik,50.0,47.0,50.0,57,50,65.0,5.0,False,Bug/Electric,Bug,Electric,657,138,64,74,0.463768115942029
658,Galvantula,70.0,77.0,60.0,97,60,108.0,5.0,False,Bug/Electric,Bug,Electric,658,137,115,22,0.8394160583941606
659,Ferroseed,44.0,50.0,91.0,24,86,10.0,5.0,False,Grass/Steel,Grass,Steel,659,111,22,89,0.1981981981981982
660,Ferrothorn,74.0,94.0,131.0,54,116,20.0,5.0,False,Grass/Steel,Grass,Steel,660,136,61,75,0.4485294117647059
661,Klink,40.0,55.0,70.0,45,60,30.0,5.0,False,Steel,Steel,,661,113,12,101,0.10619469026548672
662,Klang,60.0,80.0,95.0,70,85,50.0,5.0,False,Steel,Steel,,662,121,27,94,0.2231404958677686
663,Klinklang,60.0,100.0,115.0,70,85,90.0,5.0,False,Steel,Steel,,663,131,99,32,0.7557251908396947
664,Tynamo,35.0,55.0,40.0,45,40,60.0,5.0,False,Electric,Electric,,664,126,45,81,0.35714285714285715
665,Eelektrik,65.0,85.0,70.0,75,70,40.0,5.0,False,Electric,Electric,,665,128,26,102,0.203125
666,Eelektross,85.0,115.0,80.0,105,80,50.0,5.0,False,Electric,Electric,,666,111,34,77,0.3063063063063063
667,Elgyem,55.0,55.0,55.0,85,55,30.0,5.0,False,Psychic,Psychic,,667,159,21,138,0.1320754716981132
668,Beheeyem,75.0,75.0,75.0,125,95,40.0,5.0,False,Psychic,Psychic,,668,134,21,113,0.15671641791044777
669,Litwick,50.0,30.0,55.0,65,55,20.0,5.0,False,Ghost/Fire,Ghost,Fire,669,117,16,101,0.13675213675213677
670,Lampent,60.0,40.0,60.0,95,60,55.0,5.0,False,Ghost/Fire,Ghost,Fire,670,135,57,78,0.4222222222222222
671,Chandelure,60.0,55.0,90.0,145,90,80.0,5.0,False,Ghost/Fire,Ghost,Fire,671,112,68,44,0.6071428571428571
672,Axew,46.0,87.0,60.0,30,40,57.0,5.0,False,Dragon,Dragon,,672,135,51,84,0.37777777777777777
673,Fraxure,66.0,117.0,70.0,40,50,67.0,5.0,False,Dragon,Dragon,,673,129,59,70,0.4573643410852713
674,Haxorus,76.0,147.0,90.0,60,70,97.0,5.0,False,Dragon,Dragon,,674,127,105,22,0.8267716535433071
675,Cubchoo,55.0,70.0,40.0,60,40,40.0,5.0,False,Ice,Ice,,675,115,31,84,0.26956521739130435
676,Beartic,95.0,110.0,80.0,70,80,50.0,5.0,False,Ice,Ice,,676,129,48,81,0.37209302325581395
677,Cryogonal,70.0,50.0,30.0,95,135,105.0,5.0,False,Ice,Ice,,677,148,119,29,0.8040540540540541
678,Shelmet,50.0,40.0,85.0,40,65,25.0,5.0,False,Bug,Bug,,678,124,11,113,0.08870967741935484
679,Accelgor,80.0,70.0,40.0,100,60,145.0,5.0,False,Bug,Bug,,679,128,118,10,0.921875
680,Stunfisk,109.0,66.0,84.0,81,99,32.0,5.0,False,Ground/Electric,Ground,Electric,680,144,29,115,0.2013888888888889
681,Mienfoo,45.0,85.0,50.0,55,50,65.0,5.0,False,Fighting,Fighting,,681,130,66,64,0.5076923076923077
682,Mienshao,65.0,125.0,60.0,95,60,105.0,5.0,False,Fighting,Fighting,,682,131,121,10,0.9236641221374046
683,Druddigon,77.0,120.0,90.0,60,90,48.0,5.0,False,Dragon,Dragon,,683,140,39,101,0.2785714285714286
684,Golett,59.0,74.0,50.0,35,50,35.0,5.0,False,Ground/Ghost,Ground,Ghost,684,128,40,88,0.3125
685,Golurk,89.0,124.0,80.0,55,80,55.0,5.0,False,Ground/Ghost,Ground,Ghost,685,126,72,54,0.5714285714285714
686,Pawniard,45.0,85.0,70.0,40,40,60.0,5.0,False,Dark/Steel,Dark,Steel,686,109,57,52,0.5229357798165137
687,Bisharp,65.0,125.0,100.0,60,70,70.0,5.0,False,Dark/Steel,Dark,Steel,687,141,86,55,0.6099290780141844
688,Bouffalant,95.0,110.0,95.0,40,95,55.0,5.0,False,Normal,Normal,,688,119,48,71,0.40336134453781514
689,Rufflet,70.0,83.0,50.0,37,50,60.0,5.0,False,Normal/Flying,Normal,Flying,689,122,41,81,0.3360655737704918
690,Braviary,100.0,123.0,75.0,57,75,80.0,5.0,False,Normal/Flying,Normal,Flying,690,156,108,48,0.6923076923076923
691,Vullaby,70.0,55.0,75.0,45,65,60.0,5.0,False,Dark/Flying,Dark,Flying,691,122,56,66,0.45901639344262296
692,Mandibuzz,110.0,65.0,105.0,55,95,80.0,5.0,False,Dark/Flying,Dark,Flying,692,147,92,55,0.6258503401360545
693,Heatmor,85.0,97.0,66.0,105,66,65.0,5.0,False,Fire,Fire,,693,121,57,64,0.47107438016528924
694,Durant,58.0,109.0,112.0,48,48,109.0,5.0,False,Bug/Steel,Bug,Steel,694,134,118,16,0.8805970149253731
695,Deino,52.0,65.0,50.0,45,50,38.0,5.0,False,Dark/Dragon,Dark,Dragon,695,124,34,90,0.27419354838709675
696,Zweilous,72.0,85.0,70.0,65,70,58.0,5.0,False,Dark/Dragon,Dark,Dragon,696,138,57,81,0.41304347826086957
697,Hydreigon,92.0,105.0,90.0,125,90,98.0,5.0,False,Dark/Dragon,Dark,Dragon,697,129,106,23,0.8217054263565892
698,Larvesta,55.0,85.0,55.0,50,55,60.0,5.0,False,Bug/Fire,Bug,Fire,698,137,58,79,0.4233576642335766
699,Volcarona,85.0,60.0,65.0,135,105,100.0,5.0,False,Bug/Fire,Bug,Fire,699,137,103,34,0.7518248175182481
700,Cobalion,91.0,90.0,129.0,90,72,108.0,5.0,True,Steel/Fighting,Steel,Fighting,700,128,117,11,0.9140625
701,Terrakion,91.0,129.0,90.0,72,90,108.0,5.0,True,Rock/Fighting,Rock,Fighting,701,123,105,18,0.8536585365853658
702,Virizion,91.0,90.0,72.0,90,129,108.0,5.0,True,Grass/Fighting,Grass,Fighting,702,125,112,13,0.896
703,Tornadus Incarnate Forme,79.0,115.0,70.0,125,80,111.0,5.0,True,Flying,Flying,,703,111,94,17,0.8468468468468469
704,Tornadus Therian Forme,79.0,100.0,80.0,110,90,121.0,5.0,True,Flying,Flying,,704,125,121,4,0.968
705,Thundurus Incarnate Forme,79.0,115.0,70.0,125,80,111.0,5.0,True,Electric/Flying,Electric,Flying,705,125,108,17,0.864
706,Thundurus Therian Forme,79.0,105.0,70.0,145,80,101.0,5.0,True,Electric/Flying,Electric,Flying,706,115,99,16,0.8608695652173913
707,Reshiram,100.0,120.0,100.0,150,120,90.0,5.0,True,Dragon/Fire,Dragon,Fire,707,125,91,34,0.728
708,Zekrom,100.0,150.0,120.0,120,100,90.0,5.0,True,Dragon/Electric,Dragon,Electric,708,154,100,54,0.6493506493506493
709,Landorus Incarnate Forme,89.0,125.0,90.0,115,80,101.0,5.0,True,Ground/Flying,Ground,Flying,709,102,89,13,0.8725490196078431
710,Landorus Therian Forme,89.0,145.0,90.0,105,80,91.0,5.0,True,Ground/Flying,Ground,Flying,710,131,112,19,0.8549618320610687
711,Kyurem,125.0,130.0,90.0,130,90,95.0,5.0,True,Dragon/Ice,Dragon,Ice,711,128,99,29,0.7734375
712,Kyurem Black Kyurem,125.0,170.0,100.0,120,90,95.0,5.0,True,Dragon/Ice,Dragon,Ice,712,100,77,23,0.77
713,Kyurem White Kyurem,125.0,120.0,90.0,170,100,95.0,5.0,True,Dragon/Ice,Dragon,Ice,713,128,100,28,0.78125
714,Keldeo Ordinary Forme,91.0,72.0,90.0,129,90,108.0,5.0,False,Water/Fighting,Water,Fighting,714,116,100,16,0.8620689655172413
715,Keldeo Resolute Forme,91.0,72.0,90.0,129,90,108.0,5.0,False,Water/Fighting,Water,Fighting,715,121,108,13,0.8925619834710744
716,Meloetta Aria Forme,100.0,77.0,77.0,128,128,90.0,5.0,False,Normal/Psychic,Normal,Psychic,716,142,98,44,0.6901408450704225
717,Meloetta Pirouette Forme,100.0,128.0,90.0,77,77,128.0,5.0,False,Normal/Fighting,Normal,Fighting,717,123,118,5,0.959349593495935
718,Genesect,71.0,120.0,95.0,120,95,99.0,5.0,False,Bug/Steel,Bug,Steel,718,128,105,23,0.8203125
719,Chespin,56.0,61.0,65.0,48,45,38.0,6.0,False,Grass,Grass,,719,148,26,122,0.17567567567567569
720,Quilladin,61.0,78.0,95.0,56,58,57.0,6.0,False,Grass,Grass,,720,119,48,71,0.40336134453781514
721,Chesnaught,88.0,107.0,122.0,74,75,64.0,6.0,False,Grass/Fighting,Grass,Fighting,721,124,57,67,0.4596774193548387
722,Fennekin,40.0,45.0,40.0,62,60,60.0,6.0,False,Fire,Fire,,722,121,41,80,0.33884297520661155
723,Braixen,59.0,59.0,58.0,90,70,73.0,6.0,False,Fire,Fire,,723,115,67,48,0.5826086956521739
724,Delphox,75.0,69.0,72.0,114,100,104.0,6.0,False,Fire/Psychic,Fire,Psychic,724,126,104,22,0.8253968253968254
725,Froakie,41.0,56.0,40.0,62,44,71.0,6.0,False,Water,Water,,725,125,71,54,0.568
726,Frogadier,54.0,63.0,52.0,83,56,97.0,6.0,False,Water,Water,,726,139,107,32,0.7697841726618705
727,Greninja,72.0,95.0,67.0,103,71,122.0,6.0,False,Water/Dark,Water,Dark,727,127,122,5,0.9606299212598425
728,Bunnelby,38.0,36.0,38.0,32,36,57.0,6.0,False,Normal,Normal,,728,113,44,69,0.3893805309734513
729,Diggersby,85.0,56.0,77.0,50,77,78.0,6.0,False,Normal/Ground,Normal,Ground,729,128,68,60,0.53125
730,Fletchling,45.0,50.0,43.0,40,38,62.0,6.0,False,Normal/Flying,Normal,Flying,730,136,55,81,0.40441176470588236
731,Fletchinder,62.0,73.0,55.0,56,52,84.0,6.0,False,Fire/Flying,Fire,Flying,731,127,92,35,0.7244094488188977
732,Talonflame,78.0,81.0,71.0,74,69,126.0,6.0,False,Fire/Flying,Fire,Flying,732,132,120,12,0.9090909090909091
733,Scatterbug,38.0,35.0,40.0,27,25,35.0,6.0,False,Bug,Bug,,733,134,11,123,0.08208955223880597
734,Spewpa,45.0,22.0,60.0,27,30,29.0,6.0,False,Bug,Bug,,734,133,10,123,0.07518796992481203
735,Vivillon,80.0,52.0,50.0,90,50,89.0,6.0,False,"Bug, Flying/Flying","Bug, Flying",Flying,735,120,80,40,0.6666666666666666
736,Litleo,62.0,50.0,58.0,73,54,72.0,6.0,False,Fire/Normal,Fire,Normal,736,124,55,69,0.4435483870967742
737,Pyroar,86.0,68.0,72.0,109,66,106.0,6.0,False,Fire/Normal,Fire,Normal,737,121,98,23,0.8099173553719008
738,Flabébé,44.0,38.0,39.0,61,79,42.0,6.0,False,Fairy,Fairy,,738,151,34,117,0.2251655629139073
739,Floette,54.0,45.0,47.0,75,98,52.0,6.0,False,Fairy,Fairy,,739,121,48,73,0.39669421487603307
740,Florges,78.0,65.0,68.0,112,154,75.0,6.0,False,Fairy,Fairy,,740,121,76,45,0.628099173553719
741,Skiddo,66.0,65.0,48.0,62,57,52.0,6.0,False,Grass,Grass,,741,127,46,81,0.36220472440944884
742,Gogoat,123.0,100.0,62.0,97,81,68.0,6.0,False,Grass,Grass,,742,129,62,67,0.4806201550387597
743,Pancham,67.0,82.0,62.0,46,48,43.0,6.0,False,Fighting,Fighting,,743,118,26,92,0.22033898305084745
744,Pangoro,95.0,124.0,78.0,69,71,58.0,6.0,False,Fighting/Dark,Fighting,Dark,744,123,46,77,0.37398373983739835
745,Furfrou,75.0,80.0,60.0,65,90,102.0,6.0,False,Normal,Normal,,745,131,113,18,0.8625954198473282
746,Espurr,62.0,48.0,54.0,63,60,68.0,6.0,False,Psychic,Psychic,,746,112,58,54,0.5178571428571429
747,Meowstic Male,74.0,48.0,76.0,83,81,104.0,6.0,False,Psychic,Psychic,,747,115,91,24,0.7913043478260869
748,Meowstic Female,74.0,48.0,76.0,83,81,104.0,6.0,False,Psychic,Psychic,,748,127,93,34,0.7322834645669292
749,Honedge,45.0,80.0,100.0,35,37,28.0,6.0,False,Steel/Ghost,Steel,Ghost,749,112,35,77,0.3125
750,Doublade,59.0,110.0,150.0,45,49,35.0,6.0,False,Steel/Ghost,Steel,Ghost,750,132,44,88,0.3333333333333333
751,Aegislash Blade Forme,60.0,150.0,50.0,150,50,60.0,6.0,False,Steel/Ghost,Steel,Ghost,751,128,64,64,0.5
752,Aegislash Shield Forme,60.0,50.0,150.0,50,150,60.0,6.0,False,Steel/Ghost,Steel,Ghost,752,121,63,58,0.5206611570247934
753,Spritzee,78.0,52.0,60.0,63,65,23.0,6.0,False,Fairy,Fairy,,753,133,8,125,0.06015037593984962
754,Aromatisse,101.0,72.0,72.0,99,89,29.0,6.0,False,Fairy,Fairy,,754,129,25,104,0.1937984496124031
755,Swirlix,62.0,48.0,66.0,59,57,49.0,6.0,False,Fairy,Fairy,,755,121,41,80,0.33884297520661155
756,Slurpuff,82.0,80.0,86.0,85,75,72.0,6.0,False,Fairy,Fairy,,756,131,81,50,0.6183206106870229
757,Inkay,53.0,54.0,53.0,37,46,45.0,6.0,False,Dark/Psychic,Dark,Psychic,757,110,34,76,0.3090909090909091
758,Malamar,86.0,92.0,88.0,68,75,73.0,6.0,False,Dark/Psychic,Dark,Psychic,758,158,108,50,0.6835443037974683
759,Binacle,42.0,52.0,67.0,39,56,50.0,6.0,False,Rock/Water,Rock,Water,759,129,37,92,0.2868217054263566
760,Barbaracle,72.0,105.0,115.0,54,86,68.0,6.0,False,Rock/Water,Rock,Water,760,134,69,65,0.5149253731343284
761,Skrelp,50.0,60.0,60.0,60,60,30.0,6.0,False,"Poison, Steel/Water","Poison, Steel",Water,761,124,14,110,0.11290322580645161
762,Dragalge,65.0,75.0,90.0,97,123,44.0,6.0,False,Poison/Dragon,Poison,Dragon,762,156,31,125,0.1987179487179487
763,Clauncher,50.0,53.0,62.0,58,63,44.0,6.0,False,Water,Water,,763,124,17,107,0.13709677419354838
764,Clawitzer,71.0,73.0,88.0,120,89,59.0,6.0,False,Water,Water,,764,147,64,83,0.43537414965986393
765,Helioptile,44.0,38.0,33.0,61,43,70.0,6.0,False,Electric/Normal,Electric,Normal,765,112,59,53,0.5267857142857143
766,Heliolisk,62.0,55.0,52.0,109,94,109.0,6.0,False,Electric/Normal,Electric,Normal,766,120,94,26,0.7833333333333333
767,Tyrunt,58.0,89.0,77.0,45,45,48.0,6.0,False,Rock/Dragon,Rock,Dragon,767,107,34,73,0.3177570093457944
768,Tyrantrum,82.0,121.0,119.0,69,59,71.0,6.0,False,Rock/Dragon,Rock,Dragon,768,152,82,70,0.5394736842105263
769,Amaura,77.0,59.0,50.0,67,63,46.0,6.0,False,Rock/Ice,Rock,Ice,769,121,28,93,0.23140495867768596
770,Aurorus,123.0,77.0,72.0,99,92,58.0,6.0,False,Rock/Ice,Rock,Ice,770,132,61,71,0.4621212121212121
771,Sylveon,95.0,65.0,65.0,110,130,60.0,6.0,False,Fairy,Fairy,,771,122,49,73,0.4016393442622951
772,Hawlucha,78.0,92.0,75.0,74,63,118.0,6.0,False,Fighting/Flying,Fighting,Flying,772,121,107,14,0.8842975206611571
773,Dedenne,67.0,58.0,57.0,81,67,101.0,6.0,False,Electric/Fairy,Electric,Fairy,773,124,109,15,0.8790322580645161
774,Carbink,50.0,50.0,150.0,50,150,50.0,6.0,False,Rock/Fairy,Rock,Fairy,774,140,36,104,0.2571428571428571
775,Goomy,45.0,50.0,35.0,55,75,40.0,6.0,False,Dragon,Dragon,,775,117,25,92,0.21367521367521367
776,Sliggoo,68.0,75.0,53.0,83,113,60.0,6.0,False,Dragon,Dragon,,776,130,59,71,0.45384615384615384
777,Goodra,90.0,100.0,70.0,110,150,80.0,6.0,False,Dragon,Dragon,,777,106,64,42,0.6037735849056604
778,Klefki,57.0,80.0,91.0,80,87,75.0,6.0,False,Steel/Fairy,Steel,Fairy,778,122,70,52,0.5737704918032787
779,Phantump,43.0,70.0,48.0,50,60,38.0,6.0,False,Ghost/Grass,Ghost,Grass,779,138,33,105,0.2391304347826087
780,Trevenant,85.0,110.0,76.0,65,82,56.0,6.0,False,Ghost/Grass,Ghost,Grass,780,150,59,91,0.3933333333333333
781,Pumpkaboo Average Size,49.0,66.0,70.0,44,55,51.0,6.0,False,Ghost/Grass,Ghost,Grass,781,115,49,66,0.4260869565217391
782,Pumpkaboo Small Size,44.0,66.0,70.0,44,55,56.0,6.0,False,Ghost/Grass,Ghost,Grass,,0,0,0,0.0
783,Pumpkaboo Large Size,54.0,66.0,70.0,44,55,46.0,6.0,False,Ghost/Grass,Ghost,Grass,783,121,51,70,0.4214876033057851
784,Pumpkaboo Super Size,59.0,66.0,70.0,44,55,41.0,6.0,False,Ghost/Grass,Ghost,Grass,784,131,33,98,0.25190839694656486
785,Gourgeist Average Size,65.0,90.0,122.0,58,75,84.0,6.0,False,Ghost/Grass,Ghost,Grass,785,128,92,36,0.71875
786,Gourgeist Small Size,55.0,85.0,122.0,58,75,99.0,6.0,False,Ghost/Grass,Ghost,Grass,786,121,98,23,0.8099173553719008
787,Gourgeist Large Size,75.0,95.0,122.0,58,75,69.0,6.0,False,Ghost/Grass,Ghost,Grass,787,124,71,53,0.5725806451612904
788,Gourgeist Super Size,85.0,100.0,122.0,58,75,54.0,6.0,False,Ghost/Grass,Ghost,Grass,788,132,52,80,0.3939393939393939
789,Bergmite,55.0,69.0,85.0,32,35,28.0,6.0,False,Ice,Ice,,789,129,12,117,0.09302325581395349
790,Avalugg,95.0,117.0,184.0,44,46,28.0,6.0,False,Ice,Ice,,790,121,36,85,0.2975206611570248
791,Noibat,40.0,30.0,35.0,45,40,55.0,6.0,False,Flying/Dragon,Flying,Dragon,791,127,40,87,0.31496062992125984
792,Noivern,85.0,70.0,80.0,97,80,123.0,6.0,False,Flying/Dragon,Flying,Dragon,792,115,107,8,0.9304347826086956
793,Xerneas,126.0,131.0,95.0,131,98,99.0,6.0,True,Fairy,Fairy,,793,129,107,22,0.8294573643410853
794,Yveltal,126.0,131.0,95.0,131,98,99.0,6.0,True,Dark/Flying,Dark,Flying,794,137,111,26,0.8102189781021898
795,Zygarde Half Forme,108.0,100.0,121.0,81,95,95.0,6.0,True,Dragon/Ground,Dragon,Ground,795,107,80,27,0.7476635514018691
796,Diancie,50.0,100.0,150.0,100,150,50.0,6.0,True,Rock/Fairy,Rock,Fairy,796,105,39,66,0.37142857142857144
797,Mega Diancie,50.0,160.0,110.0,160,110,110.0,6.0,True,Rock/Fairy,Rock,Fairy,797,131,116,15,0.8854961832061069
798,Hoopa Confined,80.0,110.0,60.0,150,130,70.0,6.0,True,Psychic/Ghost,Psychic,Ghost,798,119,60,59,0.5042016806722689
799,Hoopa Unbound,80.0,160.0,60.0,170,130,80.0,6.0,True,Psychic/Dark,Psychic,Dark,799,144,89,55,0.6180555555555556
800,Volcanion,80.0,110.0,120.0,130,90,70.0,6.0,True,Fire/Water,Fire,Water,800,121,75,46,0.6198347107438017
